subject_id,item_id,counterbalance,n_ingroup,n_outgroup,goal,tangram,response.earlier
9badfe96-7e0d-48e4-8e3f-d12705794d67,0,a,1,8,social,D,later
9badfe96-7e0d-48e4-8e3f-d12705794d67,0,a,0,16,refer,D,earlier
9badfe96-7e0d-48e4-8e3f-d12705794d67,0,a,2,8,refer,A,earlier
9badfe96-7e0d-48e4-8e3f-d12705794d67,0,a,4,1,social,C,later
9badfe96-7e0d-48e4-8e3f-d12705794d67,0,a,1,4,refer,C,earlier
9badfe96-7e0d-48e4-8e3f-d12705794d67,0,a,1,4,social,A,earlier
9badfe96-7e0d-48e4-8e3f-d12705794d67,0,a,3,2,social,L,later
9badfe96-7e0d-48e4-8e3f-d12705794d67,0,a,4,4,refer,A,earlier
9badfe96-7e0d-48e4-8e3f-d12705794d67,0,a,2,0,refer,A,later
9badfe96-7e0d-48e4-8e3f-d12705794d67,0,a,3,4,social,A,earlier
9badfe96-7e0d-48e4-8e3f-d12705794d67,0,a,2,4,social,B,later
9badfe96-7e0d-48e4-8e3f-d12705794d67,0,a,3,4,refer,C,earlier
9badfe96-7e0d-48e4-8e3f-d12705794d67,0,a,2,0,refer,H,later
9badfe96-7e0d-48e4-8e3f-d12705794d67,0,a,3,8,social,D,earlier
9badfe96-7e0d-48e4-8e3f-d12705794d67,0,a,4,0,social,L,later
9badfe96-7e0d-48e4-8e3f-d12705794d67,0,a,0,4,refer,L,earlier
9badfe96-7e0d-48e4-8e3f-d12705794d67,0,a,1,8,refer,H,earlier
9badfe96-7e0d-48e4-8e3f-d12705794d67,0,a,4,2,social,D,later
9badfe96-7e0d-48e4-8e3f-d12705794d67,0,a,3,8,social,B,later
9badfe96-7e0d-48e4-8e3f-d12705794d67,0,a,1,2,refer,H,earlier
9badfe96-7e0d-48e4-8e3f-d12705794d67,0,a,2,2,social,C,earlier
9badfe96-7e0d-48e4-8e3f-d12705794d67,0,a,4,16,refer,B,later
9badfe96-7e0d-48e4-8e3f-d12705794d67,0,a,2,1,refer,H,later
9badfe96-7e0d-48e4-8e3f-d12705794d67,0,a,4,8,refer,B,later
9badfe96-7e0d-48e4-8e3f-d12705794d67,0,a,1,16,social,L,earlier
9badfe96-7e0d-48e4-8e3f-d12705794d67,0,a,1,1,refer,B,later
9badfe96-7e0d-48e4-8e3f-d12705794d67,0,a,2,2,refer,D,earlier
9badfe96-7e0d-48e4-8e3f-d12705794d67,0,a,1,0,social,L,later
9badfe96-7e0d-48e4-8e3f-d12705794d67,0,a,4,0,refer,C,later
9badfe96-7e0d-48e4-8e3f-d12705794d67,0,a,2,4,social,H,earlier
9badfe96-7e0d-48e4-8e3f-d12705794d67,0,a,0,4,social,B,later
9badfe96-7e0d-48e4-8e3f-d12705794d67,0,a,4,16,refer,B,later
9badfe96-7e0d-48e4-8e3f-d12705794d67,0,a,2,1,refer,C,earlier
9badfe96-7e0d-48e4-8e3f-d12705794d67,0,a,4,1,social,A,later
9badfe96-7e0d-48e4-8e3f-d12705794d67,0,a,4,8,social,H,earlier
9badfe96-7e0d-48e4-8e3f-d12705794d67,0,a,0,2,social,L,earlier
9badfe96-7e0d-48e4-8e3f-d12705794d67,0,a,0,8,refer,C,earlier
9badfe96-7e0d-48e4-8e3f-d12705794d67,0,a,3,0,social,H,later
9badfe96-7e0d-48e4-8e3f-d12705794d67,0,a,0,1,social,A,earlier
9badfe96-7e0d-48e4-8e3f-d12705794d67,0,a,3,1,social,L,later
9badfe96-7e0d-48e4-8e3f-d12705794d67,0,a,2,16,refer,C,earlier
9badfe96-7e0d-48e4-8e3f-d12705794d67,0,a,4,0,social,C,later
9badfe96-7e0d-48e4-8e3f-d12705794d67,0,a,4,2,refer,D,earlier
9badfe96-7e0d-48e4-8e3f-d12705794d67,0,a,1,16,refer,D,earlier
9badfe96-7e0d-48e4-8e3f-d12705794d67,0,a,4,0,social,L,later
9badfe96-7e0d-48e4-8e3f-d12705794d67,0,a,2,16,social,H,earlier
9badfe96-7e0d-48e4-8e3f-d12705794d67,0,a,3,16,social,L,earlier
9badfe96-7e0d-48e4-8e3f-d12705794d67,0,a,1,2,social,B,later
9badfe96-7e0d-48e4-8e3f-d12705794d67,0,a,0,1,refer,B,later
9badfe96-7e0d-48e4-8e3f-d12705794d67,0,a,1,1,refer,A,earlier
9badfe96-7e0d-48e4-8e3f-d12705794d67,0,a,4,4,social,D,earlier
9badfe96-7e0d-48e4-8e3f-d12705794d67,0,a,0,8,refer,H,earlier
9badfe96-7e0d-48e4-8e3f-d12705794d67,0,a,1,0,social,D,later
9badfe96-7e0d-48e4-8e3f-d12705794d67,0,a,3,16,social,D,earlier
9badfe96-7e0d-48e4-8e3f-d12705794d67,0,a,3,1,refer,L,earlier
9badfe96-7e0d-48e4-8e3f-d12705794d67,0,a,3,2,refer,B,later
9badfe96-7e0d-48e4-8e3f-d12705794d67,0,a,2,8,refer,H,earlier
9badfe96-7e0d-48e4-8e3f-d12705794d67,0,a,3,0,refer,A,later
9badfe96-7e0d-48e4-8e3f-d12705794d67,0,a,0,16,refer,A,earlier
9badfe96-7e0d-48e4-8e3f-d12705794d67,0,a,0,2,social,C,earlier
dc32d4b1-13c6-4be9-a72e-caa770ddb6c0,0,b,2,2,social,H,earlier
dc32d4b1-13c6-4be9-a72e-caa770ddb6c0,0,b,4,2,social,L,later
dc32d4b1-13c6-4be9-a72e-caa770ddb6c0,0,b,2,0,refer,B,later
dc32d4b1-13c6-4be9-a72e-caa770ddb6c0,0,b,2,0,social,D,later
dc32d4b1-13c6-4be9-a72e-caa770ddb6c0,0,b,1,1,refer,L,earlier
dc32d4b1-13c6-4be9-a72e-caa770ddb6c0,0,b,3,8,refer,B,earlier
dc32d4b1-13c6-4be9-a72e-caa770ddb6c0,0,b,4,1,refer,C,earlier
dc32d4b1-13c6-4be9-a72e-caa770ddb6c0,0,b,0,2,social,D,later
dc32d4b1-13c6-4be9-a72e-caa770ddb6c0,0,b,0,1,social,H,later
dc32d4b1-13c6-4be9-a72e-caa770ddb6c0,0,b,3,4,social,A,later
dc32d4b1-13c6-4be9-a72e-caa770ddb6c0,0,b,1,8,refer,A,earlier
dc32d4b1-13c6-4be9-a72e-caa770ddb6c0,0,b,1,8,refer,C,earlier
dc32d4b1-13c6-4be9-a72e-caa770ddb6c0,0,b,2,16,refer,B,earlier
dc32d4b1-13c6-4be9-a72e-caa770ddb6c0,0,b,2,1,refer,C,earlier
dc32d4b1-13c6-4be9-a72e-caa770ddb6c0,0,b,1,2,social,L,later
dc32d4b1-13c6-4be9-a72e-caa770ddb6c0,0,b,0,8,social,D,later
dc32d4b1-13c6-4be9-a72e-caa770ddb6c0,0,b,4,0,social,H,later
dc32d4b1-13c6-4be9-a72e-caa770ddb6c0,0,b,4,8,social,L,later
dc32d4b1-13c6-4be9-a72e-caa770ddb6c0,0,b,0,16,refer,H,earlier
dc32d4b1-13c6-4be9-a72e-caa770ddb6c0,0,b,0,2,refer,H,earlier
dc32d4b1-13c6-4be9-a72e-caa770ddb6c0,0,b,1,0,refer,D,later
dc32d4b1-13c6-4be9-a72e-caa770ddb6c0,0,b,2,1,social,C,later
dc32d4b1-13c6-4be9-a72e-caa770ddb6c0,0,b,3,16,social,A,later
dc32d4b1-13c6-4be9-a72e-caa770ddb6c0,0,b,0,16,refer,D,earlier
dc32d4b1-13c6-4be9-a72e-caa770ddb6c0,0,b,2,16,refer,C,earlier
dc32d4b1-13c6-4be9-a72e-caa770ddb6c0,0,b,3,4,social,L,later
dc32d4b1-13c6-4be9-a72e-caa770ddb6c0,0,b,4,1,refer,D,earlier
dc32d4b1-13c6-4be9-a72e-caa770ddb6c0,0,b,4,16,social,L,later
dc32d4b1-13c6-4be9-a72e-caa770ddb6c0,0,b,0,1,social,C,earlier
dc32d4b1-13c6-4be9-a72e-caa770ddb6c0,0,b,3,16,refer,B,earlier
dc32d4b1-13c6-4be9-a72e-caa770ddb6c0,0,b,4,2,social,H,later
dc32d4b1-13c6-4be9-a72e-caa770ddb6c0,0,b,2,4,refer,B,earlier
dc32d4b1-13c6-4be9-a72e-caa770ddb6c0,0,b,4,4,refer,B,earlier
dc32d4b1-13c6-4be9-a72e-caa770ddb6c0,0,b,4,16,social,A,later
dc32d4b1-13c6-4be9-a72e-caa770ddb6c0,0,b,4,4,social,B,later
dc32d4b1-13c6-4be9-a72e-caa770ddb6c0,0,b,2,2,refer,C,earlier
dc32d4b1-13c6-4be9-a72e-caa770ddb6c0,0,b,3,0,social,B,later
dc32d4b1-13c6-4be9-a72e-caa770ddb6c0,0,b,1,0,refer,D,later
dc32d4b1-13c6-4be9-a72e-caa770ddb6c0,0,b,2,8,refer,D,earlier
dc32d4b1-13c6-4be9-a72e-caa770ddb6c0,0,b,0,4,social,A,later
dc32d4b1-13c6-4be9-a72e-caa770ddb6c0,0,b,3,2,refer,B,earlier
dc32d4b1-13c6-4be9-a72e-caa770ddb6c0,0,b,1,16,refer,A,earlier
dc32d4b1-13c6-4be9-a72e-caa770ddb6c0,0,b,3,1,social,L,later
dc32d4b1-13c6-4be9-a72e-caa770ddb6c0,0,b,3,2,social,H,later
dc32d4b1-13c6-4be9-a72e-caa770ddb6c0,0,b,4,0,refer,H,later
dc32d4b1-13c6-4be9-a72e-caa770ddb6c0,0,b,1,4,refer,H,earlier
dc32d4b1-13c6-4be9-a72e-caa770ddb6c0,0,b,3,0,social,C,later
dc32d4b1-13c6-4be9-a72e-caa770ddb6c0,0,b,1,16,social,C,later
dc32d4b1-13c6-4be9-a72e-caa770ddb6c0,0,b,4,0,social,A,later
dc32d4b1-13c6-4be9-a72e-caa770ddb6c0,0,b,3,8,social,L,later
dc32d4b1-13c6-4be9-a72e-caa770ddb6c0,0,b,0,4,social,C,later
dc32d4b1-13c6-4be9-a72e-caa770ddb6c0,0,b,0,8,refer,A,earlier
dc32d4b1-13c6-4be9-a72e-caa770ddb6c0,0,b,1,1,refer,A,earlier
dc32d4b1-13c6-4be9-a72e-caa770ddb6c0,0,b,4,8,refer,H,earlier
dc32d4b1-13c6-4be9-a72e-caa770ddb6c0,0,b,3,1,social,L,later
dc32d4b1-13c6-4be9-a72e-caa770ddb6c0,0,b,2,4,social,D,later
dc32d4b1-13c6-4be9-a72e-caa770ddb6c0,0,b,2,8,refer,A,earlier
dc32d4b1-13c6-4be9-a72e-caa770ddb6c0,0,b,1,2,refer,B,earlier
dc32d4b1-13c6-4be9-a72e-caa770ddb6c0,0,b,1,4,refer,D,earlier
dc32d4b1-13c6-4be9-a72e-caa770ddb6c0,0,b,4,0,social,L,later
f64c6168-1b78-4d75-85da-230927d531f5,0,a,3,8,refer,A,earlier
f64c6168-1b78-4d75-85da-230927d531f5,0,a,3,2,refer,B,earlier
f64c6168-1b78-4d75-85da-230927d531f5,0,a,3,4,social,C,later
f64c6168-1b78-4d75-85da-230927d531f5,0,a,2,8,refer,L,earlier
f64c6168-1b78-4d75-85da-230927d531f5,0,a,2,8,refer,D,earlier
f64c6168-1b78-4d75-85da-230927d531f5,0,a,1,0,social,H,later
f64c6168-1b78-4d75-85da-230927d531f5,0,a,0,8,social,D,later
f64c6168-1b78-4d75-85da-230927d531f5,0,a,1,16,refer,H,earlier
f64c6168-1b78-4d75-85da-230927d531f5,0,a,0,16,social,L,later
f64c6168-1b78-4d75-85da-230927d531f5,0,a,4,2,social,A,later
f64c6168-1b78-4d75-85da-230927d531f5,0,a,2,0,refer,D,later
f64c6168-1b78-4d75-85da-230927d531f5,0,a,4,16,social,B,later
f64c6168-1b78-4d75-85da-230927d531f5,0,a,1,4,social,L,later
f64c6168-1b78-4d75-85da-230927d531f5,0,a,2,0,refer,H,earlier
f64c6168-1b78-4d75-85da-230927d531f5,0,a,3,2,social,C,later
f64c6168-1b78-4d75-85da-230927d531f5,0,a,4,4,refer,A,earlier
f64c6168-1b78-4d75-85da-230927d531f5,0,a,1,1,social,B,later
f64c6168-1b78-4d75-85da-230927d531f5,0,a,0,16,refer,B,earlier
f64c6168-1b78-4d75-85da-230927d531f5,0,a,4,2,refer,C,earlier
f64c6168-1b78-4d75-85da-230927d531f5,0,a,0,4,refer,L,earlier
f64c6168-1b78-4d75-85da-230927d531f5,0,a,4,16,social,H,later
f64c6168-1b78-4d75-85da-230927d531f5,0,a,2,4,refer,H,earlier
f64c6168-1b78-4d75-85da-230927d531f5,0,a,4,4,social,B,later
f64c6168-1b78-4d75-85da-230927d531f5,0,a,3,1,refer,B,earlier
f64c6168-1b78-4d75-85da-230927d531f5,0,a,4,0,refer,B,later
f64c6168-1b78-4d75-85da-230927d531f5,0,a,0,2,social,D,earlier
f64c6168-1b78-4d75-85da-230927d531f5,0,a,4,8,social,B,later
f64c6168-1b78-4d75-85da-230927d531f5,0,a,0,8,social,H,earlier
f64c6168-1b78-4d75-85da-230927d531f5,0,a,0,2,social,H,earlier
f64c6168-1b78-4d75-85da-230927d531f5,0,a,3,16,social,A,later
f64c6168-1b78-4d75-85da-230927d531f5,0,a,4,1,social,L,later
f64c6168-1b78-4d75-85da-230927d531f5,0,a,3,4,refer,L,earlier
f64c6168-1b78-4d75-85da-230927d531f5,0,a,2,2,refer,C,earlier
f64c6168-1b78-4d75-85da-230927d531f5,0,a,0,1,refer,D,earlier
f64c6168-1b78-4d75-85da-230927d531f5,0,a,3,16,social,A,later
f64c6168-1b78-4d75-85da-230927d531f5,0,a,1,2,social,C,later
f64c6168-1b78-4d75-85da-230927d531f5,0,a,0,1,refer,B,earlier
f64c6168-1b78-4d75-85da-230927d531f5,0,a,4,0,refer,H,later
f64c6168-1b78-4d75-85da-230927d531f5,0,a,2,1,social,A,later
f64c6168-1b78-4d75-85da-230927d531f5,0,a,4,8,social,C,later
f64c6168-1b78-4d75-85da-230927d531f5,0,a,2,2,refer,C,earlier
f64c6168-1b78-4d75-85da-230927d531f5,0,a,2,4,refer,C,earlier
f64c6168-1b78-4d75-85da-230927d531f5,0,a,1,8,refer,D,earlier
f64c6168-1b78-4d75-85da-230927d531f5,0,a,2,1,refer,A,earlier
f64c6168-1b78-4d75-85da-230927d531f5,0,a,1,4,social,L,later
f64c6168-1b78-4d75-85da-230927d531f5,0,a,1,0,refer,B,later
f64c6168-1b78-4d75-85da-230927d531f5,0,a,3,0,social,D,later
f64c6168-1b78-4d75-85da-230927d531f5,0,a,2,16,social,L,later
f64c6168-1b78-4d75-85da-230927d531f5,0,a,1,8,social,H,later
f64c6168-1b78-4d75-85da-230927d531f5,0,a,2,16,refer,L,earlier
f64c6168-1b78-4d75-85da-230927d531f5,0,a,4,0,social,C,later
f64c6168-1b78-4d75-85da-230927d531f5,0,a,1,1,social,A,later
f64c6168-1b78-4d75-85da-230927d531f5,0,a,4,1,refer,C,earlier
f64c6168-1b78-4d75-85da-230927d531f5,0,a,4,0,refer,A,later
f64c6168-1b78-4d75-85da-230927d531f5,0,a,1,16,refer,D,earlier
f64c6168-1b78-4d75-85da-230927d531f5,0,a,1,2,social,L,later
f64c6168-1b78-4d75-85da-230927d531f5,0,a,3,0,refer,D,earlier
f64c6168-1b78-4d75-85da-230927d531f5,0,a,3,8,refer,H,earlier
f64c6168-1b78-4d75-85da-230927d531f5,0,a,3,1,social,A,later
f64c6168-1b78-4d75-85da-230927d531f5,0,a,0,4,social,D,earlier
06605692-e599-486b-9ad5-c2e1795a7851,0,b,0,2,refer,L,earlier
06605692-e599-486b-9ad5-c2e1795a7851,0,b,3,1,refer,D,earlier
06605692-e599-486b-9ad5-c2e1795a7851,0,b,1,8,refer,C,earlier
06605692-e599-486b-9ad5-c2e1795a7851,0,b,2,0,refer,H,later
06605692-e599-486b-9ad5-c2e1795a7851,0,b,1,0,refer,H,later
06605692-e599-486b-9ad5-c2e1795a7851,0,b,3,2,refer,D,earlier
06605692-e599-486b-9ad5-c2e1795a7851,0,b,2,16,social,B,later
06605692-e599-486b-9ad5-c2e1795a7851,0,b,2,8,social,B,later
06605692-e599-486b-9ad5-c2e1795a7851,0,b,0,4,social,B,later
06605692-e599-486b-9ad5-c2e1795a7851,0,b,2,1,social,H,later
06605692-e599-486b-9ad5-c2e1795a7851,0,b,2,0,refer,L,later
06605692-e599-486b-9ad5-c2e1795a7851,0,b,3,1,social,L,later
06605692-e599-486b-9ad5-c2e1795a7851,0,b,4,16,social,H,later
06605692-e599-486b-9ad5-c2e1795a7851,0,b,0,1,social,B,later
06605692-e599-486b-9ad5-c2e1795a7851,0,b,3,4,refer,A,earlier
06605692-e599-486b-9ad5-c2e1795a7851,0,b,4,0,social,C,later
06605692-e599-486b-9ad5-c2e1795a7851,0,b,3,8,social,B,later
06605692-e599-486b-9ad5-c2e1795a7851,0,b,2,8,refer,C,earlier
06605692-e599-486b-9ad5-c2e1795a7851,0,b,4,8,refer,D,earlier
06605692-e599-486b-9ad5-c2e1795a7851,0,b,4,1,social,C,later
06605692-e599-486b-9ad5-c2e1795a7851,0,b,4,2,refer,B,earlier
06605692-e599-486b-9ad5-c2e1795a7851,0,b,3,2,refer,C,earlier
06605692-e599-486b-9ad5-c2e1795a7851,0,b,3,16,social,C,later
06605692-e599-486b-9ad5-c2e1795a7851,0,b,3,8,refer,A,earlier
06605692-e599-486b-9ad5-c2e1795a7851,0,b,2,16,social,H,later
06605692-e599-486b-9ad5-c2e1795a7851,0,b,1,4,social,B,later
06605692-e599-486b-9ad5-c2e1795a7851,0,b,4,0,refer,C,earlier
06605692-e599-486b-9ad5-c2e1795a7851,0,b,2,4,refer,L,earlier
06605692-e599-486b-9ad5-c2e1795a7851,0,b,2,2,social,D,later
06605692-e599-486b-9ad5-c2e1795a7851,0,b,0,16,social,L,later
06605692-e599-486b-9ad5-c2e1795a7851,0,b,0,16,social,B,later
06605692-e599-486b-9ad5-c2e1795a7851,0,b,4,4,refer,C,earlier
06605692-e599-486b-9ad5-c2e1795a7851,0,b,4,16,social,D,later
06605692-e599-486b-9ad5-c2e1795a7851,0,b,3,16,social,C,later
06605692-e599-486b-9ad5-c2e1795a7851,0,b,4,4,social,D,later
06605692-e599-486b-9ad5-c2e1795a7851,0,b,1,16,refer,D,earlier
06605692-e599-486b-9ad5-c2e1795a7851,0,b,4,1,social,B,later
06605692-e599-486b-9ad5-c2e1795a7851,0,b,3,0,social,A,later
06605692-e599-486b-9ad5-c2e1795a7851,0,b,4,8,refer,H,earlier
06605692-e599-486b-9ad5-c2e1795a7851,0,b,1,1,refer,C,earlier
06605692-e599-486b-9ad5-c2e1795a7851,0,b,0,1,refer,D,earlier
06605692-e599-486b-9ad5-c2e1795a7851,0,b,1,2,social,L,later
06605692-e599-486b-9ad5-c2e1795a7851,0,b,4,0,refer,A,earlier
06605692-e599-486b-9ad5-c2e1795a7851,0,b,4,2,social,A,later
06605692-e599-486b-9ad5-c2e1795a7851,0,b,0,2,social,L,later
06605692-e599-486b-9ad5-c2e1795a7851,0,b,4,0,refer,A,later
06605692-e599-486b-9ad5-c2e1795a7851,0,b,2,4,social,B,later
06605692-e599-486b-9ad5-c2e1795a7851,0,b,1,1,refer,H,earlier
06605692-e599-486b-9ad5-c2e1795a7851,0,b,1,8,refer,H,earlier
06605692-e599-486b-9ad5-c2e1795a7851,0,b,3,0,social,L,later
06605692-e599-486b-9ad5-c2e1795a7851,0,b,0,8,refer,H,earlier
06605692-e599-486b-9ad5-c2e1795a7851,0,b,3,4,social,A,later
06605692-e599-486b-9ad5-c2e1795a7851,0,b,2,1,refer,L,earlier
06605692-e599-486b-9ad5-c2e1795a7851,0,b,1,4,refer,H,earlier
06605692-e599-486b-9ad5-c2e1795a7851,0,b,1,16,social,A,later
06605692-e599-486b-9ad5-c2e1795a7851,0,b,0,8,refer,D,earlier
06605692-e599-486b-9ad5-c2e1795a7851,0,b,1,2,refer,D,earlier
06605692-e599-486b-9ad5-c2e1795a7851,0,b,2,2,social,A,later
06605692-e599-486b-9ad5-c2e1795a7851,0,b,0,4,refer,A,earlier
06605692-e599-486b-9ad5-c2e1795a7851,0,b,1,0,social,L,later
c71d2199-185a-4a86-8c4d-44b52959cc9a,0,b,1,16,social,C,earlier
c71d2199-185a-4a86-8c4d-44b52959cc9a,0,b,3,8,refer,D,earlier
c71d2199-185a-4a86-8c4d-44b52959cc9a,0,b,3,0,refer,H,earlier
c71d2199-185a-4a86-8c4d-44b52959cc9a,0,b,3,4,social,D,earlier
c71d2199-185a-4a86-8c4d-44b52959cc9a,0,b,0,8,social,B,earlier
c71d2199-185a-4a86-8c4d-44b52959cc9a,0,b,1,4,refer,A,earlier
c71d2199-185a-4a86-8c4d-44b52959cc9a,0,b,3,16,refer,A,earlier
c71d2199-185a-4a86-8c4d-44b52959cc9a,0,b,3,0,refer,L,earlier
c71d2199-185a-4a86-8c4d-44b52959cc9a,0,b,1,0,social,H,later
c71d2199-185a-4a86-8c4d-44b52959cc9a,0,b,1,1,social,L,later
c71d2199-185a-4a86-8c4d-44b52959cc9a,0,b,3,1,social,B,earlier
c71d2199-185a-4a86-8c4d-44b52959cc9a,0,b,3,2,refer,A,earlier
c71d2199-185a-4a86-8c4d-44b52959cc9a,0,b,4,0,refer,L,later
c71d2199-185a-4a86-8c4d-44b52959cc9a,0,b,0,1,refer,D,later
c71d2199-185a-4a86-8c4d-44b52959cc9a,0,b,1,2,refer,D,later
c71d2199-185a-4a86-8c4d-44b52959cc9a,0,b,2,4,refer,A,earlier
c71d2199-185a-4a86-8c4d-44b52959cc9a,0,b,0,1,refer,L,later
c71d2199-185a-4a86-8c4d-44b52959cc9a,0,b,3,2,refer,H,earlier
c71d2199-185a-4a86-8c4d-44b52959cc9a,0,b,4,1,social,L,later
c71d2199-185a-4a86-8c4d-44b52959cc9a,0,b,4,4,refer,B,earlier
c71d2199-185a-4a86-8c4d-44b52959cc9a,0,b,0,4,refer,H,earlier
c71d2199-185a-4a86-8c4d-44b52959cc9a,0,b,3,8,social,C,earlier
c71d2199-185a-4a86-8c4d-44b52959cc9a,0,b,1,4,social,B,earlier
c71d2199-185a-4a86-8c4d-44b52959cc9a,0,b,4,0,refer,H,earlier
c71d2199-185a-4a86-8c4d-44b52959cc9a,0,b,4,2,social,L,later
c71d2199-185a-4a86-8c4d-44b52959cc9a,0,b,2,16,refer,B,earlier
c71d2199-185a-4a86-8c4d-44b52959cc9a,0,b,4,0,social,C,earlier
c71d2199-185a-4a86-8c4d-44b52959cc9a,0,b,4,16,refer,H,earlier
c71d2199-185a-4a86-8c4d-44b52959cc9a,0,b,3,1,refer,A,earlier
c71d2199-185a-4a86-8c4d-44b52959cc9a,0,b,3,16,refer,D,earlier
c71d2199-185a-4a86-8c4d-44b52959cc9a,0,b,1,2,social,D,earlier
c71d2199-185a-4a86-8c4d-44b52959cc9a,0,b,1,8,social,D,earlier
c71d2199-185a-4a86-8c4d-44b52959cc9a,0,b,3,4,social,A,earlier
c71d2199-185a-4a86-8c4d-44b52959cc9a,0,b,2,0,refer,D,earlier
c71d2199-185a-4a86-8c4d-44b52959cc9a,0,b,2,8,refer,H,earlier
c71d2199-185a-4a86-8c4d-44b52959cc9a,0,b,2,8,refer,B,earlier
c71d2199-185a-4a86-8c4d-44b52959cc9a,0,b,0,16,refer,C,later
c71d2199-185a-4a86-8c4d-44b52959cc9a,0,b,2,2,refer,D,later
c71d2199-185a-4a86-8c4d-44b52959cc9a,0,b,4,16,refer,H,earlier
c71d2199-185a-4a86-8c4d-44b52959cc9a,0,b,2,1,refer,A,earlier
c71d2199-185a-4a86-8c4d-44b52959cc9a,0,b,0,8,social,H,earlier
c71d2199-185a-4a86-8c4d-44b52959cc9a,0,b,0,16,social,A,earlier
c71d2199-185a-4a86-8c4d-44b52959cc9a,0,b,4,1,social,C,earlier
c71d2199-185a-4a86-8c4d-44b52959cc9a,0,b,2,2,refer,L,earlier
c71d2199-185a-4a86-8c4d-44b52959cc9a,0,b,4,8,social,C,later
c71d2199-185a-4a86-8c4d-44b52959cc9a,0,b,1,8,social,C,earlier
c71d2199-185a-4a86-8c4d-44b52959cc9a,0,b,4,2,refer,B,earlier
c71d2199-185a-4a86-8c4d-44b52959cc9a,0,b,1,1,social,A,earlier
c71d2199-185a-4a86-8c4d-44b52959cc9a,0,b,4,0,refer,A,earlier
c71d2199-185a-4a86-8c4d-44b52959cc9a,0,b,1,16,social,C,earlier
c71d2199-185a-4a86-8c4d-44b52959cc9a,0,b,2,1,social,C,earlier
c71d2199-185a-4a86-8c4d-44b52959cc9a,0,b,4,8,social,L,earlier
c71d2199-185a-4a86-8c4d-44b52959cc9a,0,b,2,4,social,C,earlier
c71d2199-185a-4a86-8c4d-44b52959cc9a,0,b,0,2,social,D,later
c71d2199-185a-4a86-8c4d-44b52959cc9a,0,b,0,4,social,B,earlier
c71d2199-185a-4a86-8c4d-44b52959cc9a,0,b,0,2,social,B,earlier
c71d2199-185a-4a86-8c4d-44b52959cc9a,0,b,1,0,refer,B,earlier
c71d2199-185a-4a86-8c4d-44b52959cc9a,0,b,2,16,social,L,earlier
c71d2199-185a-4a86-8c4d-44b52959cc9a,0,b,4,4,social,H,earlier
c71d2199-185a-4a86-8c4d-44b52959cc9a,0,b,2,0,social,L,earlier
54f9f538-ef11-421a-8974-d3bcd3c17d66,0,b,4,16,social,B,later
54f9f538-ef11-421a-8974-d3bcd3c17d66,0,b,3,16,social,B,later
54f9f538-ef11-421a-8974-d3bcd3c17d66,0,b,1,16,refer,B,later
54f9f538-ef11-421a-8974-d3bcd3c17d66,0,b,0,1,social,B,earlier
54f9f538-ef11-421a-8974-d3bcd3c17d66,0,b,4,8,refer,B,earlier
54f9f538-ef11-421a-8974-d3bcd3c17d66,0,b,1,1,social,C,earlier
54f9f538-ef11-421a-8974-d3bcd3c17d66,0,b,3,2,refer,H,earlier
54f9f538-ef11-421a-8974-d3bcd3c17d66,0,b,1,4,social,C,earlier
54f9f538-ef11-421a-8974-d3bcd3c17d66,0,b,0,1,social,D,earlier
54f9f538-ef11-421a-8974-d3bcd3c17d66,0,b,1,16,refer,H,earlier
54f9f538-ef11-421a-8974-d3bcd3c17d66,0,b,4,8,social,B,later
54f9f538-ef11-421a-8974-d3bcd3c17d66,0,b,4,0,social,L,later
54f9f538-ef11-421a-8974-d3bcd3c17d66,0,b,1,8,social,D,later
54f9f538-ef11-421a-8974-d3bcd3c17d66,0,b,3,0,social,H,later
54f9f538-ef11-421a-8974-d3bcd3c17d66,0,b,3,0,refer,C,later
54f9f538-ef11-421a-8974-d3bcd3c17d66,0,b,0,2,refer,D,earlier
54f9f538-ef11-421a-8974-d3bcd3c17d66,0,b,1,4,social,L,later
54f9f538-ef11-421a-8974-d3bcd3c17d66,0,b,4,0,social,H,later
54f9f538-ef11-421a-8974-d3bcd3c17d66,0,b,2,1,refer,L,earlier
54f9f538-ef11-421a-8974-d3bcd3c17d66,0,b,3,4,refer,A,earlier
54f9f538-ef11-421a-8974-d3bcd3c17d66,0,b,4,0,social,D,later
54f9f538-ef11-421a-8974-d3bcd3c17d66,0,b,2,0,social,D,later
54f9f538-ef11-421a-8974-d3bcd3c17d66,0,b,1,2,refer,H,earlier
54f9f538-ef11-421a-8974-d3bcd3c17d66,0,b,0,4,social,A,earlier
54f9f538-ef11-421a-8974-d3bcd3c17d66,0,b,4,1,refer,A,earlier
54f9f538-ef11-421a-8974-d3bcd3c17d66,0,b,4,0,refer,A,later
54f9f538-ef11-421a-8974-d3bcd3c17d66,0,b,3,8,social,C,later
54f9f538-ef11-421a-8974-d3bcd3c17d66,0,b,3,8,refer,D,earlier
54f9f538-ef11-421a-8974-d3bcd3c17d66,0,b,2,8,social,L,later
54f9f538-ef11-421a-8974-d3bcd3c17d66,0,b,2,16,refer,A,earlier
54f9f538-ef11-421a-8974-d3bcd3c17d66,0,b,4,1,social,C,later
54f9f538-ef11-421a-8974-d3bcd3c17d66,0,b,2,2,refer,L,later
54f9f538-ef11-421a-8974-d3bcd3c17d66,0,b,0,4,refer,D,earlier
54f9f538-ef11-421a-8974-d3bcd3c17d66,0,b,3,2,refer,H,earlier
54f9f538-ef11-421a-8974-d3bcd3c17d66,0,b,0,16,social,L,earlier
54f9f538-ef11-421a-8974-d3bcd3c17d66,0,b,1,1,refer,A,earlier
54f9f538-ef11-421a-8974-d3bcd3c17d66,0,b,0,16,refer,C,earlier
54f9f538-ef11-421a-8974-d3bcd3c17d66,0,b,2,16,social,L,later
54f9f538-ef11-421a-8974-d3bcd3c17d66,0,b,1,0,social,D,later
54f9f538-ef11-421a-8974-d3bcd3c17d66,0,b,3,1,social,D,later
54f9f538-ef11-421a-8974-d3bcd3c17d66,0,b,4,2,refer,A,later
54f9f538-ef11-421a-8974-d3bcd3c17d66,0,b,1,2,refer,L,earlier
54f9f538-ef11-421a-8974-d3bcd3c17d66,0,b,3,16,refer,B,earlier
54f9f538-ef11-421a-8974-d3bcd3c17d66,0,b,0,8,refer,C,earlier
54f9f538-ef11-421a-8974-d3bcd3c17d66,0,b,4,2,refer,D,earlier
54f9f538-ef11-421a-8974-d3bcd3c17d66,0,b,0,8,social,L,earlier
54f9f538-ef11-421a-8974-d3bcd3c17d66,0,b,4,16,refer,C,earlier
54f9f538-ef11-421a-8974-d3bcd3c17d66,0,b,2,0,refer,B,later
54f9f538-ef11-421a-8974-d3bcd3c17d66,0,b,4,4,refer,C,earlier
54f9f538-ef11-421a-8974-d3bcd3c17d66,0,b,1,8,refer,C,earlier
54f9f538-ef11-421a-8974-d3bcd3c17d66,0,b,2,8,social,H,later
54f9f538-ef11-421a-8974-d3bcd3c17d66,0,b,4,4,social,H,later
54f9f538-ef11-421a-8974-d3bcd3c17d66,0,b,2,2,social,A,later
54f9f538-ef11-421a-8974-d3bcd3c17d66,0,b,2,4,social,B,later
54f9f538-ef11-421a-8974-d3bcd3c17d66,0,b,3,4,social,A,later
54f9f538-ef11-421a-8974-d3bcd3c17d66,0,b,1,0,refer,L,later
54f9f538-ef11-421a-8974-d3bcd3c17d66,0,b,3,1,social,B,later
54f9f538-ef11-421a-8974-d3bcd3c17d66,0,b,2,1,refer,H,earlier
54f9f538-ef11-421a-8974-d3bcd3c17d66,0,b,2,4,social,H,later
54f9f538-ef11-421a-8974-d3bcd3c17d66,0,b,0,2,refer,A,earlier
15c4428e-0338-4a14-8970-45be6651ea16,0,a,2,1,social,L,later
15c4428e-0338-4a14-8970-45be6651ea16,0,a,4,8,social,H,later
15c4428e-0338-4a14-8970-45be6651ea16,0,a,4,0,refer,A,earlier
15c4428e-0338-4a14-8970-45be6651ea16,0,a,0,8,refer,H,earlier
15c4428e-0338-4a14-8970-45be6651ea16,0,a,2,4,refer,C,earlier
15c4428e-0338-4a14-8970-45be6651ea16,0,a,3,0,refer,C,later
15c4428e-0338-4a14-8970-45be6651ea16,0,a,4,1,refer,H,later
15c4428e-0338-4a14-8970-45be6651ea16,0,a,0,1,refer,B,earlier
15c4428e-0338-4a14-8970-45be6651ea16,0,a,2,0,refer,C,later
15c4428e-0338-4a14-8970-45be6651ea16,0,a,3,16,refer,C,earlier
15c4428e-0338-4a14-8970-45be6651ea16,0,a,2,2,social,A,later
15c4428e-0338-4a14-8970-45be6651ea16,0,a,2,4,refer,L,earlier
15c4428e-0338-4a14-8970-45be6651ea16,0,a,3,4,refer,L,earlier
15c4428e-0338-4a14-8970-45be6651ea16,0,a,3,0,social,A,later
15c4428e-0338-4a14-8970-45be6651ea16,0,a,2,0,social,C,later
15c4428e-0338-4a14-8970-45be6651ea16,0,a,2,8,social,L,later
15c4428e-0338-4a14-8970-45be6651ea16,0,a,2,16,social,A,later
15c4428e-0338-4a14-8970-45be6651ea16,0,a,1,1,social,D,later
15c4428e-0338-4a14-8970-45be6651ea16,0,a,0,2,social,L,earlier
15c4428e-0338-4a14-8970-45be6651ea16,0,a,4,8,refer,H,earlier
15c4428e-0338-4a14-8970-45be6651ea16,0,a,4,2,social,B,later
15c4428e-0338-4a14-8970-45be6651ea16,0,a,2,1,social,C,later
15c4428e-0338-4a14-8970-45be6651ea16,0,a,3,8,social,A,later
15c4428e-0338-4a14-8970-45be6651ea16,0,a,4,2,social,D,later
15c4428e-0338-4a14-8970-45be6651ea16,0,a,4,4,refer,L,earlier
15c4428e-0338-4a14-8970-45be6651ea16,0,a,0,8,social,H,later
15c4428e-0338-4a14-8970-45be6651ea16,0,a,1,4,social,H,later
15c4428e-0338-4a14-8970-45be6651ea16,0,a,1,16,refer,H,earlier
15c4428e-0338-4a14-8970-45be6651ea16,0,a,4,16,social,C,later
15c4428e-0338-4a14-8970-45be6651ea16,0,a,0,4,refer,B,earlier
15c4428e-0338-4a14-8970-45be6651ea16,0,a,3,4,social,A,later
15c4428e-0338-4a14-8970-45be6651ea16,0,a,2,16,refer,A,earlier
15c4428e-0338-4a14-8970-45be6651ea16,0,a,0,16,refer,D,earlier
15c4428e-0338-4a14-8970-45be6651ea16,0,a,3,1,refer,L,earlier
15c4428e-0338-4a14-8970-45be6651ea16,0,a,3,2,social,A,later
15c4428e-0338-4a14-8970-45be6651ea16,0,a,0,2,refer,D,earlier
15c4428e-0338-4a14-8970-45be6651ea16,0,a,3,1,social,H,later
15c4428e-0338-4a14-8970-45be6651ea16,0,a,4,0,social,D,later
15c4428e-0338-4a14-8970-45be6651ea16,0,a,1,16,refer,H,earlier
15c4428e-0338-4a14-8970-45be6651ea16,0,a,1,2,refer,B,earlier
15c4428e-0338-4a14-8970-45be6651ea16,0,a,1,4,refer,B,earlier
15c4428e-0338-4a14-8970-45be6651ea16,0,a,4,4,refer,A,earlier
15c4428e-0338-4a14-8970-45be6651ea16,0,a,0,4,social,L,later
15c4428e-0338-4a14-8970-45be6651ea16,0,a,3,16,refer,B,earlier
15c4428e-0338-4a14-8970-45be6651ea16,0,a,1,0,refer,B,later
15c4428e-0338-4a14-8970-45be6651ea16,0,a,1,8,social,B,earlier
15c4428e-0338-4a14-8970-45be6651ea16,0,a,1,8,refer,H,earlier
15c4428e-0338-4a14-8970-45be6651ea16,0,a,2,8,social,D,later
15c4428e-0338-4a14-8970-45be6651ea16,0,a,2,2,social,D,later
15c4428e-0338-4a14-8970-45be6651ea16,0,a,3,2,social,C,later
15c4428e-0338-4a14-8970-45be6651ea16,0,a,1,2,social,L,later
15c4428e-0338-4a14-8970-45be6651ea16,0,a,1,1,refer,L,earlier
15c4428e-0338-4a14-8970-45be6651ea16,0,a,4,0,social,C,later
15c4428e-0338-4a14-8970-45be6651ea16,0,a,0,16,social,B,later
15c4428e-0338-4a14-8970-45be6651ea16,0,a,4,16,social,B,later
15c4428e-0338-4a14-8970-45be6651ea16,0,a,4,1,social,D,later
15c4428e-0338-4a14-8970-45be6651ea16,0,a,3,8,refer,A,earlier
15c4428e-0338-4a14-8970-45be6651ea16,0,a,1,0,refer,D,later
15c4428e-0338-4a14-8970-45be6651ea16,0,a,0,1,refer,C,earlier
15c4428e-0338-4a14-8970-45be6651ea16,0,a,4,0,refer,D,later
6c9a3caf-22c8-4923-950c-d0988308cffe,0,b,2,4,social,C,later
6c9a3caf-22c8-4923-950c-d0988308cffe,0,b,0,16,refer,A,earlier
6c9a3caf-22c8-4923-950c-d0988308cffe,0,b,1,2,social,B,later
6c9a3caf-22c8-4923-950c-d0988308cffe,0,b,2,0,social,H,earlier
6c9a3caf-22c8-4923-950c-d0988308cffe,0,b,0,2,social,D,later
6c9a3caf-22c8-4923-950c-d0988308cffe,0,b,3,4,social,C,later
6c9a3caf-22c8-4923-950c-d0988308cffe,0,b,3,0,social,D,earlier
6c9a3caf-22c8-4923-950c-d0988308cffe,0,b,0,2,refer,D,later
6c9a3caf-22c8-4923-950c-d0988308cffe,0,b,0,4,refer,H,later
6c9a3caf-22c8-4923-950c-d0988308cffe,0,b,2,8,social,L,earlier
6c9a3caf-22c8-4923-950c-d0988308cffe,0,b,3,4,refer,D,later
6c9a3caf-22c8-4923-950c-d0988308cffe,0,b,4,8,refer,C,earlier
6c9a3caf-22c8-4923-950c-d0988308cffe,0,b,1,1,refer,H,earlier
6c9a3caf-22c8-4923-950c-d0988308cffe,0,b,3,1,social,L,later
6c9a3caf-22c8-4923-950c-d0988308cffe,0,b,2,16,refer,H,earlier
6c9a3caf-22c8-4923-950c-d0988308cffe,0,b,4,4,refer,B,earlier
6c9a3caf-22c8-4923-950c-d0988308cffe,0,b,3,2,social,C,earlier
6c9a3caf-22c8-4923-950c-d0988308cffe,0,b,1,8,social,L,later
6c9a3caf-22c8-4923-950c-d0988308cffe,0,b,4,0,social,D,earlier
6c9a3caf-22c8-4923-950c-d0988308cffe,0,b,4,16,refer,A,later
6c9a3caf-22c8-4923-950c-d0988308cffe,0,b,4,2,refer,D,later
6c9a3caf-22c8-4923-950c-d0988308cffe,0,b,2,1,social,B,earlier
6c9a3caf-22c8-4923-950c-d0988308cffe,0,b,3,16,refer,L,later
6c9a3caf-22c8-4923-950c-d0988308cffe,0,b,2,8,social,H,earlier
6c9a3caf-22c8-4923-950c-d0988308cffe,0,b,0,16,social,L,earlier
6c9a3caf-22c8-4923-950c-d0988308cffe,0,b,1,0,refer,A,later
6c9a3caf-22c8-4923-950c-d0988308cffe,0,b,0,1,social,A,later
6c9a3caf-22c8-4923-950c-d0988308cffe,0,b,0,8,refer,L,later
6c9a3caf-22c8-4923-950c-d0988308cffe,0,b,4,1,social,C,earlier
6c9a3caf-22c8-4923-950c-d0988308cffe,0,b,1,16,refer,B,earlier
6c9a3caf-22c8-4923-950c-d0988308cffe,0,b,2,2,refer,A,later
6c9a3caf-22c8-4923-950c-d0988308cffe,0,b,3,16,refer,C,earlier
6c9a3caf-22c8-4923-950c-d0988308cffe,0,b,3,8,social,D,later
6c9a3caf-22c8-4923-950c-d0988308cffe,0,b,1,4,social,B,later
6c9a3caf-22c8-4923-950c-d0988308cffe,0,b,4,1,refer,B,earlier
6c9a3caf-22c8-4923-950c-d0988308cffe,0,b,0,1,social,C,earlier
6c9a3caf-22c8-4923-950c-d0988308cffe,0,b,1,2,refer,A,later
6c9a3caf-22c8-4923-950c-d0988308cffe,0,b,4,0,refer,L,earlier
6c9a3caf-22c8-4923-950c-d0988308cffe,0,b,2,16,refer,C,earlier
6c9a3caf-22c8-4923-950c-d0988308cffe,0,b,1,1,social,H,earlier
6c9a3caf-22c8-4923-950c-d0988308cffe,0,b,2,2,refer,A,later
6c9a3caf-22c8-4923-950c-d0988308cffe,0,b,0,4,social,A,later
6c9a3caf-22c8-4923-950c-d0988308cffe,0,b,3,1,social,C,earlier
6c9a3caf-22c8-4923-950c-d0988308cffe,0,b,4,16,social,D,later
6c9a3caf-22c8-4923-950c-d0988308cffe,0,b,1,16,refer,B,earlier
6c9a3caf-22c8-4923-950c-d0988308cffe,0,b,0,8,refer,B,earlier
6c9a3caf-22c8-4923-950c-d0988308cffe,0,b,1,0,refer,H,earlier
6c9a3caf-22c8-4923-950c-d0988308cffe,0,b,2,1,refer,H,earlier
6c9a3caf-22c8-4923-950c-d0988308cffe,0,b,4,0,social,A,later
6c9a3caf-22c8-4923-950c-d0988308cffe,0,b,1,8,social,L,earlier
6c9a3caf-22c8-4923-950c-d0988308cffe,0,b,3,0,social,D,later
6c9a3caf-22c8-4923-950c-d0988308cffe,0,b,4,4,refer,B,earlier
6c9a3caf-22c8-4923-950c-d0988308cffe,0,b,4,0,social,B,earlier
6c9a3caf-22c8-4923-950c-d0988308cffe,0,b,3,8,social,D,later
6c9a3caf-22c8-4923-950c-d0988308cffe,0,b,4,2,refer,A,earlier
6c9a3caf-22c8-4923-950c-d0988308cffe,0,b,4,8,social,H,earlier
6c9a3caf-22c8-4923-950c-d0988308cffe,0,b,2,4,refer,L,later
6c9a3caf-22c8-4923-950c-d0988308cffe,0,b,2,0,refer,H,earlier
6c9a3caf-22c8-4923-950c-d0988308cffe,0,b,1,4,refer,L,earlier
6c9a3caf-22c8-4923-950c-d0988308cffe,0,b,3,2,social,C,later
d2ded9d0-b0c5-40bc-847c-569246c4bb24,1,b,1,1,social,J,later
d2ded9d0-b0c5-40bc-847c-569246c4bb24,1,b,3,2,social,F,later
d2ded9d0-b0c5-40bc-847c-569246c4bb24,1,b,4,1,refer,E,earlier
d2ded9d0-b0c5-40bc-847c-569246c4bb24,1,b,0,1,social,F,later
d2ded9d0-b0c5-40bc-847c-569246c4bb24,1,b,1,1,refer,J,earlier
d2ded9d0-b0c5-40bc-847c-569246c4bb24,1,b,0,4,refer,E,earlier
d2ded9d0-b0c5-40bc-847c-569246c4bb24,1,b,3,4,refer,I,earlier
d2ded9d0-b0c5-40bc-847c-569246c4bb24,1,b,4,0,social,J,later
d2ded9d0-b0c5-40bc-847c-569246c4bb24,1,b,4,2,refer,J,earlier
d2ded9d0-b0c5-40bc-847c-569246c4bb24,1,b,4,4,refer,K,earlier
d2ded9d0-b0c5-40bc-847c-569246c4bb24,1,b,0,8,refer,K,earlier
d2ded9d0-b0c5-40bc-847c-569246c4bb24,1,b,2,1,social,J,later
d2ded9d0-b0c5-40bc-847c-569246c4bb24,1,b,1,8,refer,K,earlier
d2ded9d0-b0c5-40bc-847c-569246c4bb24,1,b,4,0,refer,E,later
d2ded9d0-b0c5-40bc-847c-569246c4bb24,1,b,1,8,social,E,later
d2ded9d0-b0c5-40bc-847c-569246c4bb24,1,b,1,4,social,G,later
d2ded9d0-b0c5-40bc-847c-569246c4bb24,1,b,1,2,social,I,later
d2ded9d0-b0c5-40bc-847c-569246c4bb24,1,b,3,16,social,F,later
d2ded9d0-b0c5-40bc-847c-569246c4bb24,1,b,4,1,refer,G,earlier
d2ded9d0-b0c5-40bc-847c-569246c4bb24,1,b,1,16,refer,E,earlier
d2ded9d0-b0c5-40bc-847c-569246c4bb24,1,b,0,8,social,I,later
d2ded9d0-b0c5-40bc-847c-569246c4bb24,1,b,3,2,refer,I,earlier
d2ded9d0-b0c5-40bc-847c-569246c4bb24,1,b,3,4,social,J,later
d2ded9d0-b0c5-40bc-847c-569246c4bb24,1,b,3,0,refer,I,earlier
d2ded9d0-b0c5-40bc-847c-569246c4bb24,1,b,3,1,refer,J,earlier
d2ded9d0-b0c5-40bc-847c-569246c4bb24,1,b,3,1,refer,K,earlier
d2ded9d0-b0c5-40bc-847c-569246c4bb24,1,b,4,2,refer,F,earlier
d2ded9d0-b0c5-40bc-847c-569246c4bb24,1,b,4,8,social,I,later
d2ded9d0-b0c5-40bc-847c-569246c4bb24,1,b,0,4,social,G,later
d2ded9d0-b0c5-40bc-847c-569246c4bb24,1,b,1,0,social,K,later
d2ded9d0-b0c5-40bc-847c-569246c4bb24,1,b,1,0,refer,K,later
d2ded9d0-b0c5-40bc-847c-569246c4bb24,1,b,2,4,social,G,later
d2ded9d0-b0c5-40bc-847c-569246c4bb24,1,b,3,16,social,E,later
d2ded9d0-b0c5-40bc-847c-569246c4bb24,1,b,4,8,refer,G,earlier
d2ded9d0-b0c5-40bc-847c-569246c4bb24,1,b,2,8,social,I,later
d2ded9d0-b0c5-40bc-847c-569246c4bb24,1,b,2,2,refer,E,earlier
d2ded9d0-b0c5-40bc-847c-569246c4bb24,1,b,0,16,social,J,earlier
d2ded9d0-b0c5-40bc-847c-569246c4bb24,1,b,2,8,refer,K,earlier
d2ded9d0-b0c5-40bc-847c-569246c4bb24,1,b,4,16,refer,E,earlier
d2ded9d0-b0c5-40bc-847c-569246c4bb24,1,b,1,16,social,G,later
d2ded9d0-b0c5-40bc-847c-569246c4bb24,1,b,4,0,refer,F,later
d2ded9d0-b0c5-40bc-847c-569246c4bb24,1,b,2,0,social,J,later
d2ded9d0-b0c5-40bc-847c-569246c4bb24,1,b,2,16,social,G,later
d2ded9d0-b0c5-40bc-847c-569246c4bb24,1,b,0,2,social,G,later
d2ded9d0-b0c5-40bc-847c-569246c4bb24,1,b,1,4,social,K,later
d2ded9d0-b0c5-40bc-847c-569246c4bb24,1,b,2,4,social,I,later
d2ded9d0-b0c5-40bc-847c-569246c4bb24,1,b,2,16,refer,F,earlier
d2ded9d0-b0c5-40bc-847c-569246c4bb24,1,b,0,2,refer,K,earlier
d2ded9d0-b0c5-40bc-847c-569246c4bb24,1,b,2,0,social,K,later
d2ded9d0-b0c5-40bc-847c-569246c4bb24,1,b,2,2,refer,F,earlier
d2ded9d0-b0c5-40bc-847c-569246c4bb24,1,b,3,8,refer,G,earlier
d2ded9d0-b0c5-40bc-847c-569246c4bb24,1,b,3,0,refer,F,later
d2ded9d0-b0c5-40bc-847c-569246c4bb24,1,b,3,8,social,E,later
d2ded9d0-b0c5-40bc-847c-569246c4bb24,1,b,1,2,refer,E,earlier
d2ded9d0-b0c5-40bc-847c-569246c4bb24,1,b,4,16,refer,I,earlier
d2ded9d0-b0c5-40bc-847c-569246c4bb24,1,b,0,1,social,I,later
d2ded9d0-b0c5-40bc-847c-569246c4bb24,1,b,2,1,social,G,later
d2ded9d0-b0c5-40bc-847c-569246c4bb24,1,b,4,0,social,F,later
d2ded9d0-b0c5-40bc-847c-569246c4bb24,1,b,0,16,refer,F,earlier
d2ded9d0-b0c5-40bc-847c-569246c4bb24,1,b,4,4,social,J,later
2fbef5ef-5b0d-4946-b19c-b550b7bb541b,1,a,4,2,refer,F,earlier
2fbef5ef-5b0d-4946-b19c-b550b7bb541b,1,a,4,1,refer,I,earlier
2fbef5ef-5b0d-4946-b19c-b550b7bb541b,1,a,2,1,refer,J,earlier
2fbef5ef-5b0d-4946-b19c-b550b7bb541b,1,a,4,0,social,J,earlier
2fbef5ef-5b0d-4946-b19c-b550b7bb541b,1,a,1,16,social,I,earlier
2fbef5ef-5b0d-4946-b19c-b550b7bb541b,1,a,2,8,refer,K,later
2fbef5ef-5b0d-4946-b19c-b550b7bb541b,1,a,2,4,social,E,later
2fbef5ef-5b0d-4946-b19c-b550b7bb541b,1,a,2,2,social,K,later
2fbef5ef-5b0d-4946-b19c-b550b7bb541b,1,a,0,8,refer,J,earlier
2fbef5ef-5b0d-4946-b19c-b550b7bb541b,1,a,4,0,refer,G,earlier
2fbef5ef-5b0d-4946-b19c-b550b7bb541b,1,a,4,2,refer,E,later
2fbef5ef-5b0d-4946-b19c-b550b7bb541b,1,a,0,2,refer,F,earlier
2fbef5ef-5b0d-4946-b19c-b550b7bb541b,1,a,3,16,social,G,earlier
2fbef5ef-5b0d-4946-b19c-b550b7bb541b,1,a,1,0,social,I,later
2fbef5ef-5b0d-4946-b19c-b550b7bb541b,1,a,3,2,social,K,earlier
2fbef5ef-5b0d-4946-b19c-b550b7bb541b,1,a,0,4,social,I,earlier
2fbef5ef-5b0d-4946-b19c-b550b7bb541b,1,a,3,0,social,I,later
2fbef5ef-5b0d-4946-b19c-b550b7bb541b,1,a,0,1,refer,I,earlier
2fbef5ef-5b0d-4946-b19c-b550b7bb541b,1,a,1,8,social,F,earlier
2fbef5ef-5b0d-4946-b19c-b550b7bb541b,1,a,1,0,refer,F,earlier
2fbef5ef-5b0d-4946-b19c-b550b7bb541b,1,a,2,16,social,K,later
2fbef5ef-5b0d-4946-b19c-b550b7bb541b,1,a,3,4,refer,E,earlier
2fbef5ef-5b0d-4946-b19c-b550b7bb541b,1,a,1,2,refer,G,earlier
2fbef5ef-5b0d-4946-b19c-b550b7bb541b,1,a,1,1,social,K,earlier
2fbef5ef-5b0d-4946-b19c-b550b7bb541b,1,a,1,4,refer,G,earlier
2fbef5ef-5b0d-4946-b19c-b550b7bb541b,1,a,1,8,refer,K,earlier
2fbef5ef-5b0d-4946-b19c-b550b7bb541b,1,a,2,4,social,E,earlier
2fbef5ef-5b0d-4946-b19c-b550b7bb541b,1,a,1,16,refer,E,earlier
2fbef5ef-5b0d-4946-b19c-b550b7bb541b,1,a,1,2,refer,I,earlier
2fbef5ef-5b0d-4946-b19c-b550b7bb541b,1,a,2,1,refer,G,earlier
2fbef5ef-5b0d-4946-b19c-b550b7bb541b,1,a,3,2,refer,E,later
2fbef5ef-5b0d-4946-b19c-b550b7bb541b,1,a,4,4,social,F,earlier
2fbef5ef-5b0d-4946-b19c-b550b7bb541b,1,a,0,8,refer,G,earlier
2fbef5ef-5b0d-4946-b19c-b550b7bb541b,1,a,0,4,social,E,earlier
2fbef5ef-5b0d-4946-b19c-b550b7bb541b,1,a,2,0,social,J,later
2fbef5ef-5b0d-4946-b19c-b550b7bb541b,1,a,3,8,social,I,earlier
2fbef5ef-5b0d-4946-b19c-b550b7bb541b,1,a,2,2,refer,J,earlier
2fbef5ef-5b0d-4946-b19c-b550b7bb541b,1,a,3,4,refer,E,earlier
2fbef5ef-5b0d-4946-b19c-b550b7bb541b,1,a,3,8,social,I,earlier
2fbef5ef-5b0d-4946-b19c-b550b7bb541b,1,a,4,16,refer,E,later
2fbef5ef-5b0d-4946-b19c-b550b7bb541b,1,a,4,8,refer,K,later
2fbef5ef-5b0d-4946-b19c-b550b7bb541b,1,a,1,4,social,G,earlier
2fbef5ef-5b0d-4946-b19c-b550b7bb541b,1,a,4,1,social,J,later
2fbef5ef-5b0d-4946-b19c-b550b7bb541b,1,a,3,16,social,K,earlier
2fbef5ef-5b0d-4946-b19c-b550b7bb541b,1,a,4,0,refer,K,later
2fbef5ef-5b0d-4946-b19c-b550b7bb541b,1,a,0,16,social,J,earlier
2fbef5ef-5b0d-4946-b19c-b550b7bb541b,1,a,4,8,social,G,earlier
2fbef5ef-5b0d-4946-b19c-b550b7bb541b,1,a,0,2,social,E,earlier
2fbef5ef-5b0d-4946-b19c-b550b7bb541b,1,a,2,0,refer,J,later
2fbef5ef-5b0d-4946-b19c-b550b7bb541b,1,a,2,16,social,F,earlier
2fbef5ef-5b0d-4946-b19c-b550b7bb541b,1,a,2,8,refer,F,earlier
2fbef5ef-5b0d-4946-b19c-b550b7bb541b,1,a,0,16,social,G,earlier
2fbef5ef-5b0d-4946-b19c-b550b7bb541b,1,a,1,1,refer,F,earlier
2fbef5ef-5b0d-4946-b19c-b550b7bb541b,1,a,3,1,refer,I,later
2fbef5ef-5b0d-4946-b19c-b550b7bb541b,1,a,4,4,social,J,earlier
2fbef5ef-5b0d-4946-b19c-b550b7bb541b,1,a,0,1,refer,F,earlier
2fbef5ef-5b0d-4946-b19c-b550b7bb541b,1,a,3,0,social,G,later
2fbef5ef-5b0d-4946-b19c-b550b7bb541b,1,a,4,0,social,J,later
2fbef5ef-5b0d-4946-b19c-b550b7bb541b,1,a,4,16,refer,K,earlier
2fbef5ef-5b0d-4946-b19c-b550b7bb541b,1,a,3,1,social,F,later
241918e7-7934-4f3d-a32a-c366b710eff0,1,b,4,0,refer,J,earlier
241918e7-7934-4f3d-a32a-c366b710eff0,1,b,1,1,refer,G,earlier
241918e7-7934-4f3d-a32a-c366b710eff0,1,b,1,16,social,J,earlier
241918e7-7934-4f3d-a32a-c366b710eff0,1,b,3,1,social,E,earlier
241918e7-7934-4f3d-a32a-c366b710eff0,1,b,0,16,social,G,earlier
241918e7-7934-4f3d-a32a-c366b710eff0,1,b,0,2,refer,E,earlier
241918e7-7934-4f3d-a32a-c366b710eff0,1,b,1,16,refer,E,earlier
241918e7-7934-4f3d-a32a-c366b710eff0,1,b,3,0,social,J,earlier
241918e7-7934-4f3d-a32a-c366b710eff0,1,b,3,4,social,I,earlier
241918e7-7934-4f3d-a32a-c366b710eff0,1,b,3,16,social,J,earlier
241918e7-7934-4f3d-a32a-c366b710eff0,1,b,0,1,social,F,earlier
241918e7-7934-4f3d-a32a-c366b710eff0,1,b,2,2,social,K,earlier
241918e7-7934-4f3d-a32a-c366b710eff0,1,b,2,16,refer,E,earlier
241918e7-7934-4f3d-a32a-c366b710eff0,1,b,2,16,refer,G,earlier
241918e7-7934-4f3d-a32a-c366b710eff0,1,b,2,0,refer,K,earlier
241918e7-7934-4f3d-a32a-c366b710eff0,1,b,3,2,refer,I,earlier
241918e7-7934-4f3d-a32a-c366b710eff0,1,b,4,0,refer,E,earlier
241918e7-7934-4f3d-a32a-c366b710eff0,1,b,1,4,social,J,earlier
241918e7-7934-4f3d-a32a-c366b710eff0,1,b,3,8,social,F,earlier
241918e7-7934-4f3d-a32a-c366b710eff0,1,b,1,2,social,I,earlier
241918e7-7934-4f3d-a32a-c366b710eff0,1,b,3,16,refer,G,earlier
241918e7-7934-4f3d-a32a-c366b710eff0,1,b,4,0,social,J,earlier
241918e7-7934-4f3d-a32a-c366b710eff0,1,b,3,1,refer,F,earlier
241918e7-7934-4f3d-a32a-c366b710eff0,1,b,4,16,refer,K,earlier
241918e7-7934-4f3d-a32a-c366b710eff0,1,b,4,2,refer,K,earlier
241918e7-7934-4f3d-a32a-c366b710eff0,1,b,4,4,social,G,earlier
241918e7-7934-4f3d-a32a-c366b710eff0,1,b,2,2,social,K,earlier
241918e7-7934-4f3d-a32a-c366b710eff0,1,b,3,4,social,I,earlier
241918e7-7934-4f3d-a32a-c366b710eff0,1,b,2,8,refer,G,earlier
241918e7-7934-4f3d-a32a-c366b710eff0,1,b,0,8,social,J,earlier
241918e7-7934-4f3d-a32a-c366b710eff0,1,b,2,1,social,J,earlier
241918e7-7934-4f3d-a32a-c366b710eff0,1,b,4,8,refer,E,earlier
241918e7-7934-4f3d-a32a-c366b710eff0,1,b,4,8,refer,F,earlier
241918e7-7934-4f3d-a32a-c366b710eff0,1,b,4,2,refer,K,earlier
241918e7-7934-4f3d-a32a-c366b710eff0,1,b,0,2,refer,J,earlier
241918e7-7934-4f3d-a32a-c366b710eff0,1,b,0,1,social,E,earlier
241918e7-7934-4f3d-a32a-c366b710eff0,1,b,3,8,social,K,earlier
241918e7-7934-4f3d-a32a-c366b710eff0,1,b,0,4,refer,G,earlier
241918e7-7934-4f3d-a32a-c366b710eff0,1,b,1,8,refer,I,earlier
241918e7-7934-4f3d-a32a-c366b710eff0,1,b,0,4,social,E,earlier
241918e7-7934-4f3d-a32a-c366b710eff0,1,b,2,0,social,F,earlier
241918e7-7934-4f3d-a32a-c366b710eff0,1,b,2,4,refer,I,earlier
241918e7-7934-4f3d-a32a-c366b710eff0,1,b,1,2,social,I,earlier
241918e7-7934-4f3d-a32a-c366b710eff0,1,b,4,1,social,F,earlier
241918e7-7934-4f3d-a32a-c366b710eff0,1,b,3,2,social,E,earlier
241918e7-7934-4f3d-a32a-c366b710eff0,1,b,4,16,social,K,earlier
241918e7-7934-4f3d-a32a-c366b710eff0,1,b,2,4,refer,F,earlier
241918e7-7934-4f3d-a32a-c366b710eff0,1,b,4,0,refer,K,earlier
241918e7-7934-4f3d-a32a-c366b710eff0,1,b,3,0,refer,F,earlier
241918e7-7934-4f3d-a32a-c366b710eff0,1,b,1,0,refer,K,earlier
241918e7-7934-4f3d-a32a-c366b710eff0,1,b,1,4,refer,I,earlier
241918e7-7934-4f3d-a32a-c366b710eff0,1,b,1,8,social,I,earlier
241918e7-7934-4f3d-a32a-c366b710eff0,1,b,0,8,refer,F,earlier
241918e7-7934-4f3d-a32a-c366b710eff0,1,b,0,16,refer,G,earlier
241918e7-7934-4f3d-a32a-c366b710eff0,1,b,4,1,social,F,earlier
241918e7-7934-4f3d-a32a-c366b710eff0,1,b,1,0,social,G,earlier
241918e7-7934-4f3d-a32a-c366b710eff0,1,b,2,8,social,G,earlier
241918e7-7934-4f3d-a32a-c366b710eff0,1,b,2,1,refer,E,earlier
241918e7-7934-4f3d-a32a-c366b710eff0,1,b,1,1,social,I,earlier
241918e7-7934-4f3d-a32a-c366b710eff0,1,b,4,4,refer,J,earlier
54094ff3-0e55-417a-b9ca-9f01d854dbec,1,b,4,0,refer,I,earlier
54094ff3-0e55-417a-b9ca-9f01d854dbec,1,b,0,8,social,F,later
54094ff3-0e55-417a-b9ca-9f01d854dbec,1,b,3,8,refer,F,earlier
54094ff3-0e55-417a-b9ca-9f01d854dbec,1,b,2,4,social,J,earlier
54094ff3-0e55-417a-b9ca-9f01d854dbec,1,b,4,16,social,J,earlier
54094ff3-0e55-417a-b9ca-9f01d854dbec,1,b,3,16,refer,K,earlier
54094ff3-0e55-417a-b9ca-9f01d854dbec,1,b,0,16,social,G,earlier
54094ff3-0e55-417a-b9ca-9f01d854dbec,1,b,0,8,social,I,earlier
54094ff3-0e55-417a-b9ca-9f01d854dbec,1,b,2,8,social,J,earlier
54094ff3-0e55-417a-b9ca-9f01d854dbec,1,b,0,4,social,G,earlier
54094ff3-0e55-417a-b9ca-9f01d854dbec,1,b,0,4,social,I,earlier
54094ff3-0e55-417a-b9ca-9f01d854dbec,1,b,2,0,social,I,later
54094ff3-0e55-417a-b9ca-9f01d854dbec,1,b,4,0,refer,I,later
54094ff3-0e55-417a-b9ca-9f01d854dbec,1,b,1,1,social,E,later
54094ff3-0e55-417a-b9ca-9f01d854dbec,1,b,2,16,refer,I,earlier
54094ff3-0e55-417a-b9ca-9f01d854dbec,1,b,2,1,social,F,later
54094ff3-0e55-417a-b9ca-9f01d854dbec,1,b,0,1,refer,K,earlier
54094ff3-0e55-417a-b9ca-9f01d854dbec,1,b,1,2,refer,J,earlier
54094ff3-0e55-417a-b9ca-9f01d854dbec,1,b,4,4,refer,E,earlier
54094ff3-0e55-417a-b9ca-9f01d854dbec,1,b,1,4,refer,J,earlier
54094ff3-0e55-417a-b9ca-9f01d854dbec,1,b,2,4,refer,E,earlier
54094ff3-0e55-417a-b9ca-9f01d854dbec,1,b,1,2,refer,J,earlier
54094ff3-0e55-417a-b9ca-9f01d854dbec,1,b,4,8,social,G,earlier
54094ff3-0e55-417a-b9ca-9f01d854dbec,1,b,4,0,social,F,later
54094ff3-0e55-417a-b9ca-9f01d854dbec,1,b,0,2,social,G,earlier
54094ff3-0e55-417a-b9ca-9f01d854dbec,1,b,1,4,social,F,earlier
54094ff3-0e55-417a-b9ca-9f01d854dbec,1,b,3,0,refer,E,later
54094ff3-0e55-417a-b9ca-9f01d854dbec,1,b,4,0,social,J,later
54094ff3-0e55-417a-b9ca-9f01d854dbec,1,b,1,16,social,F,earlier
54094ff3-0e55-417a-b9ca-9f01d854dbec,1,b,3,1,refer,I,later
54094ff3-0e55-417a-b9ca-9f01d854dbec,1,b,2,2,social,G,later
54094ff3-0e55-417a-b9ca-9f01d854dbec,1,b,2,2,refer,G,earlier
54094ff3-0e55-417a-b9ca-9f01d854dbec,1,b,3,4,refer,F,earlier
54094ff3-0e55-417a-b9ca-9f01d854dbec,1,b,3,1,refer,E,earlier
54094ff3-0e55-417a-b9ca-9f01d854dbec,1,b,4,16,social,F,earlier
54094ff3-0e55-417a-b9ca-9f01d854dbec,1,b,4,8,social,K,earlier
54094ff3-0e55-417a-b9ca-9f01d854dbec,1,b,1,0,refer,G,later
54094ff3-0e55-417a-b9ca-9f01d854dbec,1,b,3,16,refer,K,earlier
54094ff3-0e55-417a-b9ca-9f01d854dbec,1,b,3,2,refer,K,earlier
54094ff3-0e55-417a-b9ca-9f01d854dbec,1,b,2,1,social,I,earlier
54094ff3-0e55-417a-b9ca-9f01d854dbec,1,b,3,4,refer,F,earlier
54094ff3-0e55-417a-b9ca-9f01d854dbec,1,b,1,8,social,G,earlier
54094ff3-0e55-417a-b9ca-9f01d854dbec,1,b,4,1,social,E,later
54094ff3-0e55-417a-b9ca-9f01d854dbec,1,b,2,16,refer,F,earlier
54094ff3-0e55-417a-b9ca-9f01d854dbec,1,b,0,16,social,K,earlier
54094ff3-0e55-417a-b9ca-9f01d854dbec,1,b,2,8,social,I,earlier
54094ff3-0e55-417a-b9ca-9f01d854dbec,1,b,4,2,social,I,earlier
54094ff3-0e55-417a-b9ca-9f01d854dbec,1,b,1,1,refer,K,earlier
54094ff3-0e55-417a-b9ca-9f01d854dbec,1,b,2,0,refer,E,later
54094ff3-0e55-417a-b9ca-9f01d854dbec,1,b,1,16,social,K,earlier
54094ff3-0e55-417a-b9ca-9f01d854dbec,1,b,3,2,social,J,earlier
54094ff3-0e55-417a-b9ca-9f01d854dbec,1,b,0,2,refer,E,earlier
54094ff3-0e55-417a-b9ca-9f01d854dbec,1,b,4,4,refer,K,earlier
54094ff3-0e55-417a-b9ca-9f01d854dbec,1,b,3,0,social,J,later
54094ff3-0e55-417a-b9ca-9f01d854dbec,1,b,4,1,refer,E,earlier
54094ff3-0e55-417a-b9ca-9f01d854dbec,1,b,1,0,refer,K,later
54094ff3-0e55-417a-b9ca-9f01d854dbec,1,b,1,8,refer,E,earlier
54094ff3-0e55-417a-b9ca-9f01d854dbec,1,b,0,1,refer,J,earlier
54094ff3-0e55-417a-b9ca-9f01d854dbec,1,b,3,8,refer,G,earlier
54094ff3-0e55-417a-b9ca-9f01d854dbec,1,b,4,2,social,G,earlier
f3780778-7754-4476-b997-bb2d1e3dc66e,1,a,0,4,refer,G,earlier
f3780778-7754-4476-b997-bb2d1e3dc66e,1,a,3,2,social,G,earlier
f3780778-7754-4476-b997-bb2d1e3dc66e,1,a,1,4,refer,E,later
f3780778-7754-4476-b997-bb2d1e3dc66e,1,a,4,1,refer,F,earlier
f3780778-7754-4476-b997-bb2d1e3dc66e,1,a,3,0,refer,K,later
f3780778-7754-4476-b997-bb2d1e3dc66e,1,a,1,4,refer,J,earlier
f3780778-7754-4476-b997-bb2d1e3dc66e,1,a,3,2,refer,I,later
f3780778-7754-4476-b997-bb2d1e3dc66e,1,a,1,2,social,I,later
f3780778-7754-4476-b997-bb2d1e3dc66e,1,a,4,0,refer,K,later
f3780778-7754-4476-b997-bb2d1e3dc66e,1,a,0,16,refer,G,earlier
f3780778-7754-4476-b997-bb2d1e3dc66e,1,a,1,2,social,E,earlier
f3780778-7754-4476-b997-bb2d1e3dc66e,1,a,4,2,social,E,later
f3780778-7754-4476-b997-bb2d1e3dc66e,1,a,4,0,refer,F,later
f3780778-7754-4476-b997-bb2d1e3dc66e,1,a,2,0,social,K,later
f3780778-7754-4476-b997-bb2d1e3dc66e,1,a,0,16,social,J,earlier
f3780778-7754-4476-b997-bb2d1e3dc66e,1,a,3,1,refer,I,later
f3780778-7754-4476-b997-bb2d1e3dc66e,1,a,1,16,social,J,earlier
f3780778-7754-4476-b997-bb2d1e3dc66e,1,a,3,0,refer,I,later
f3780778-7754-4476-b997-bb2d1e3dc66e,1,a,2,16,refer,G,earlier
f3780778-7754-4476-b997-bb2d1e3dc66e,1,a,0,8,social,K,earlier
f3780778-7754-4476-b997-bb2d1e3dc66e,1,a,4,4,social,F,earlier
f3780778-7754-4476-b997-bb2d1e3dc66e,1,a,3,4,refer,E,later
f3780778-7754-4476-b997-bb2d1e3dc66e,1,a,4,16,social,E,later
f3780778-7754-4476-b997-bb2d1e3dc66e,1,a,2,1,refer,I,later
f3780778-7754-4476-b997-bb2d1e3dc66e,1,a,2,2,social,I,later
f3780778-7754-4476-b997-bb2d1e3dc66e,1,a,4,8,refer,J,earlier
f3780778-7754-4476-b997-bb2d1e3dc66e,1,a,3,16,social,G,earlier
f3780778-7754-4476-b997-bb2d1e3dc66e,1,a,1,16,social,E,later
f3780778-7754-4476-b997-bb2d1e3dc66e,1,a,0,2,social,E,later
f3780778-7754-4476-b997-bb2d1e3dc66e,1,a,2,8,social,F,later
f3780778-7754-4476-b997-bb2d1e3dc66e,1,a,0,2,social,K,later
f3780778-7754-4476-b997-bb2d1e3dc66e,1,a,2,0,refer,K,later
f3780778-7754-4476-b997-bb2d1e3dc66e,1,a,1,8,refer,G,earlier
f3780778-7754-4476-b997-bb2d1e3dc66e,1,a,2,8,refer,F,earlier
f3780778-7754-4476-b997-bb2d1e3dc66e,1,a,1,0,refer,J,later
f3780778-7754-4476-b997-bb2d1e3dc66e,1,a,3,8,refer,J,earlier
f3780778-7754-4476-b997-bb2d1e3dc66e,1,a,1,8,refer,F,earlier
f3780778-7754-4476-b997-bb2d1e3dc66e,1,a,3,8,social,F,later
f3780778-7754-4476-b997-bb2d1e3dc66e,1,a,4,0,social,I,later
f3780778-7754-4476-b997-bb2d1e3dc66e,1,a,2,4,social,I,later
f3780778-7754-4476-b997-bb2d1e3dc66e,1,a,1,1,social,G,later
f3780778-7754-4476-b997-bb2d1e3dc66e,1,a,3,1,social,J,later
f3780778-7754-4476-b997-bb2d1e3dc66e,1,a,0,1,social,G,later
f3780778-7754-4476-b997-bb2d1e3dc66e,1,a,4,2,refer,I,earlier
f3780778-7754-4476-b997-bb2d1e3dc66e,1,a,2,16,social,F,later
f3780778-7754-4476-b997-bb2d1e3dc66e,1,a,1,1,social,J,later
f3780778-7754-4476-b997-bb2d1e3dc66e,1,a,3,16,social,K,later
f3780778-7754-4476-b997-bb2d1e3dc66e,1,a,0,1,social,I,later
f3780778-7754-4476-b997-bb2d1e3dc66e,1,a,4,4,refer,F,earlier
f3780778-7754-4476-b997-bb2d1e3dc66e,1,a,4,8,refer,K,earlier
f3780778-7754-4476-b997-bb2d1e3dc66e,1,a,1,0,refer,J,later
f3780778-7754-4476-b997-bb2d1e3dc66e,1,a,2,2,refer,E,earlier
f3780778-7754-4476-b997-bb2d1e3dc66e,1,a,0,8,social,G,later
f3780778-7754-4476-b997-bb2d1e3dc66e,1,a,4,0,refer,K,later
f3780778-7754-4476-b997-bb2d1e3dc66e,1,a,4,1,refer,K,earlier
f3780778-7754-4476-b997-bb2d1e3dc66e,1,a,4,16,social,F,later
f3780778-7754-4476-b997-bb2d1e3dc66e,1,a,3,4,refer,E,earlier
f3780778-7754-4476-b997-bb2d1e3dc66e,1,a,2,4,refer,G,earlier
f3780778-7754-4476-b997-bb2d1e3dc66e,1,a,2,1,social,J,later
f3780778-7754-4476-b997-bb2d1e3dc66e,1,a,0,4,social,E,later
688b18d9-76eb-4adb-bcc4-c9e70db2be2a,1,b,2,4,social,I,later
688b18d9-76eb-4adb-bcc4-c9e70db2be2a,1,b,2,8,social,E,later
688b18d9-76eb-4adb-bcc4-c9e70db2be2a,1,b,4,0,refer,E,later
688b18d9-76eb-4adb-bcc4-c9e70db2be2a,1,b,4,0,social,K,later
688b18d9-76eb-4adb-bcc4-c9e70db2be2a,1,b,2,2,refer,F,earlier
688b18d9-76eb-4adb-bcc4-c9e70db2be2a,1,b,2,0,refer,G,later
688b18d9-76eb-4adb-bcc4-c9e70db2be2a,1,b,1,0,refer,F,later
688b18d9-76eb-4adb-bcc4-c9e70db2be2a,1,b,4,8,social,K,later
688b18d9-76eb-4adb-bcc4-c9e70db2be2a,1,b,1,4,social,G,later
688b18d9-76eb-4adb-bcc4-c9e70db2be2a,1,b,0,16,refer,F,earlier
688b18d9-76eb-4adb-bcc4-c9e70db2be2a,1,b,2,16,refer,I,earlier
688b18d9-76eb-4adb-bcc4-c9e70db2be2a,1,b,3,8,refer,I,earlier
688b18d9-76eb-4adb-bcc4-c9e70db2be2a,1,b,4,8,refer,G,earlier
688b18d9-76eb-4adb-bcc4-c9e70db2be2a,1,b,3,1,social,I,later
688b18d9-76eb-4adb-bcc4-c9e70db2be2a,1,b,2,4,refer,J,earlier
688b18d9-76eb-4adb-bcc4-c9e70db2be2a,1,b,1,4,social,I,later
688b18d9-76eb-4adb-bcc4-c9e70db2be2a,1,b,0,16,refer,F,earlier
688b18d9-76eb-4adb-bcc4-c9e70db2be2a,1,b,3,0,social,F,later
688b18d9-76eb-4adb-bcc4-c9e70db2be2a,1,b,4,0,refer,I,later
688b18d9-76eb-4adb-bcc4-c9e70db2be2a,1,b,4,1,social,E,later
688b18d9-76eb-4adb-bcc4-c9e70db2be2a,1,b,0,4,social,J,later
688b18d9-76eb-4adb-bcc4-c9e70db2be2a,1,b,2,8,social,J,later
688b18d9-76eb-4adb-bcc4-c9e70db2be2a,1,b,0,2,social,G,later
688b18d9-76eb-4adb-bcc4-c9e70db2be2a,1,b,1,2,refer,G,earlier
688b18d9-76eb-4adb-bcc4-c9e70db2be2a,1,b,1,16,refer,F,earlier
688b18d9-76eb-4adb-bcc4-c9e70db2be2a,1,b,4,0,social,K,later
688b18d9-76eb-4adb-bcc4-c9e70db2be2a,1,b,1,8,refer,K,earlier
688b18d9-76eb-4adb-bcc4-c9e70db2be2a,1,b,2,1,refer,K,earlier
688b18d9-76eb-4adb-bcc4-c9e70db2be2a,1,b,3,4,social,K,later
688b18d9-76eb-4adb-bcc4-c9e70db2be2a,1,b,0,1,refer,J,earlier
688b18d9-76eb-4adb-bcc4-c9e70db2be2a,1,b,3,4,social,J,later
688b18d9-76eb-4adb-bcc4-c9e70db2be2a,1,b,0,8,social,G,later
688b18d9-76eb-4adb-bcc4-c9e70db2be2a,1,b,0,1,refer,I,earlier
688b18d9-76eb-4adb-bcc4-c9e70db2be2a,1,b,4,1,social,E,later
688b18d9-76eb-4adb-bcc4-c9e70db2be2a,1,b,2,2,social,K,later
688b18d9-76eb-4adb-bcc4-c9e70db2be2a,1,b,3,16,refer,J,earlier
688b18d9-76eb-4adb-bcc4-c9e70db2be2a,1,b,1,0,refer,F,later
688b18d9-76eb-4adb-bcc4-c9e70db2be2a,1,b,0,2,refer,E,earlier
688b18d9-76eb-4adb-bcc4-c9e70db2be2a,1,b,0,4,refer,G,earlier
688b18d9-76eb-4adb-bcc4-c9e70db2be2a,1,b,1,1,refer,J,earlier
688b18d9-76eb-4adb-bcc4-c9e70db2be2a,1,b,3,1,social,E,later
688b18d9-76eb-4adb-bcc4-c9e70db2be2a,1,b,1,8,social,J,later
688b18d9-76eb-4adb-bcc4-c9e70db2be2a,1,b,4,16,refer,E,earlier
688b18d9-76eb-4adb-bcc4-c9e70db2be2a,1,b,4,2,social,G,later
688b18d9-76eb-4adb-bcc4-c9e70db2be2a,1,b,1,2,refer,I,earlier
688b18d9-76eb-4adb-bcc4-c9e70db2be2a,1,b,1,1,social,I,later
688b18d9-76eb-4adb-bcc4-c9e70db2be2a,1,b,4,16,refer,E,earlier
688b18d9-76eb-4adb-bcc4-c9e70db2be2a,1,b,3,2,refer,E,earlier
688b18d9-76eb-4adb-bcc4-c9e70db2be2a,1,b,2,16,refer,F,earlier
688b18d9-76eb-4adb-bcc4-c9e70db2be2a,1,b,2,1,refer,K,earlier
688b18d9-76eb-4adb-bcc4-c9e70db2be2a,1,b,1,16,social,J,later
688b18d9-76eb-4adb-bcc4-c9e70db2be2a,1,b,3,0,social,F,later
688b18d9-76eb-4adb-bcc4-c9e70db2be2a,1,b,3,2,social,G,later
688b18d9-76eb-4adb-bcc4-c9e70db2be2a,1,b,3,8,social,J,later
688b18d9-76eb-4adb-bcc4-c9e70db2be2a,1,b,2,0,social,K,later
688b18d9-76eb-4adb-bcc4-c9e70db2be2a,1,b,4,2,social,G,later
688b18d9-76eb-4adb-bcc4-c9e70db2be2a,1,b,3,16,social,I,later
688b18d9-76eb-4adb-bcc4-c9e70db2be2a,1,b,0,8,refer,K,earlier
688b18d9-76eb-4adb-bcc4-c9e70db2be2a,1,b,4,4,social,F,later
688b18d9-76eb-4adb-bcc4-c9e70db2be2a,1,b,4,4,refer,E,earlier
9faba9f4-0996-4c63-a7d6-4830e8f99f85,1,a,4,8,social,J,earlier
9faba9f4-0996-4c63-a7d6-4830e8f99f85,1,a,4,0,refer,G,earlier
9faba9f4-0996-4c63-a7d6-4830e8f99f85,1,a,2,4,refer,E,later
9faba9f4-0996-4c63-a7d6-4830e8f99f85,1,a,4,4,social,E,later
9faba9f4-0996-4c63-a7d6-4830e8f99f85,1,a,3,8,refer,K,earlier
9faba9f4-0996-4c63-a7d6-4830e8f99f85,1,a,2,16,social,G,earlier
9faba9f4-0996-4c63-a7d6-4830e8f99f85,1,a,3,16,social,K,earlier
9faba9f4-0996-4c63-a7d6-4830e8f99f85,1,a,1,1,refer,G,later
9faba9f4-0996-4c63-a7d6-4830e8f99f85,1,a,2,2,social,K,later
9faba9f4-0996-4c63-a7d6-4830e8f99f85,1,a,0,4,social,E,later
9faba9f4-0996-4c63-a7d6-4830e8f99f85,1,a,4,2,social,J,earlier
9faba9f4-0996-4c63-a7d6-4830e8f99f85,1,a,2,16,refer,F,earlier
9faba9f4-0996-4c63-a7d6-4830e8f99f85,1,a,3,2,refer,K,later
9faba9f4-0996-4c63-a7d6-4830e8f99f85,1,a,3,0,refer,I,later
9faba9f4-0996-4c63-a7d6-4830e8f99f85,1,a,0,8,refer,I,earlier
9faba9f4-0996-4c63-a7d6-4830e8f99f85,1,a,0,8,refer,J,earlier
9faba9f4-0996-4c63-a7d6-4830e8f99f85,1,a,3,8,social,E,later
9faba9f4-0996-4c63-a7d6-4830e8f99f85,1,a,3,4,refer,F,earlier
9faba9f4-0996-4c63-a7d6-4830e8f99f85,1,a,4,8,social,J,earlier
9faba9f4-0996-4c63-a7d6-4830e8f99f85,1,a,1,8,refer,K,earlier
9faba9f4-0996-4c63-a7d6-4830e8f99f85,1,a,0,2,social,F,earlier
9faba9f4-0996-4c63-a7d6-4830e8f99f85,1,a,0,1,refer,F,earlier
9faba9f4-0996-4c63-a7d6-4830e8f99f85,1,a,4,2,refer,G,later
9faba9f4-0996-4c63-a7d6-4830e8f99f85,1,a,1,2,social,E,later
9faba9f4-0996-4c63-a7d6-4830e8f99f85,1,a,1,0,social,I,later
9faba9f4-0996-4c63-a7d6-4830e8f99f85,1,a,2,8,refer,E,later
9faba9f4-0996-4c63-a7d6-4830e8f99f85,1,a,4,16,refer,E,later
9faba9f4-0996-4c63-a7d6-4830e8f99f85,1,a,0,16,refer,G,earlier
9faba9f4-0996-4c63-a7d6-4830e8f99f85,1,a,1,16,social,F,earlier
9faba9f4-0996-4c63-a7d6-4830e8f99f85,1,a,0,2,social,I,earlier
9faba9f4-0996-4c63-a7d6-4830e8f99f85,1,a,1,0,social,I,later
9faba9f4-0996-4c63-a7d6-4830e8f99f85,1,a,4,0,refer,G,later
9faba9f4-0996-4c63-a7d6-4830e8f99f85,1,a,0,16,social,F,earlier
9faba9f4-0996-4c63-a7d6-4830e8f99f85,1,a,1,4,social,I,earlier
9faba9f4-0996-4c63-a7d6-4830e8f99f85,1,a,3,16,social,F,earlier
9faba9f4-0996-4c63-a7d6-4830e8f99f85,1,a,3,4,social,I,earlier
9faba9f4-0996-4c63-a7d6-4830e8f99f85,1,a,4,16,social,I,earlier
9faba9f4-0996-4c63-a7d6-4830e8f99f85,1,a,1,4,refer,G,earlier
9faba9f4-0996-4c63-a7d6-4830e8f99f85,1,a,4,1,social,G,later
9faba9f4-0996-4c63-a7d6-4830e8f99f85,1,a,3,1,social,F,later
9faba9f4-0996-4c63-a7d6-4830e8f99f85,1,a,4,1,social,F,earlier
9faba9f4-0996-4c63-a7d6-4830e8f99f85,1,a,2,8,social,E,later
9faba9f4-0996-4c63-a7d6-4830e8f99f85,1,a,2,4,refer,E,later
9faba9f4-0996-4c63-a7d6-4830e8f99f85,1,a,4,0,social,J,earlier
9faba9f4-0996-4c63-a7d6-4830e8f99f85,1,a,0,4,social,G,earlier
9faba9f4-0996-4c63-a7d6-4830e8f99f85,1,a,1,8,refer,K,earlier
9faba9f4-0996-4c63-a7d6-4830e8f99f85,1,a,0,1,social,K,earlier
9faba9f4-0996-4c63-a7d6-4830e8f99f85,1,a,3,1,refer,F,earlier
9faba9f4-0996-4c63-a7d6-4830e8f99f85,1,a,2,0,refer,I,later
9faba9f4-0996-4c63-a7d6-4830e8f99f85,1,a,1,2,refer,J,earlier
9faba9f4-0996-4c63-a7d6-4830e8f99f85,1,a,2,1,social,J,earlier
9faba9f4-0996-4c63-a7d6-4830e8f99f85,1,a,2,1,social,G,later
9faba9f4-0996-4c63-a7d6-4830e8f99f85,1,a,2,2,refer,K,earlier
9faba9f4-0996-4c63-a7d6-4830e8f99f85,1,a,4,0,refer,K,later
9faba9f4-0996-4c63-a7d6-4830e8f99f85,1,a,2,0,refer,J,later
9faba9f4-0996-4c63-a7d6-4830e8f99f85,1,a,1,1,refer,J,earlier
9faba9f4-0996-4c63-a7d6-4830e8f99f85,1,a,3,0,refer,E,later
9faba9f4-0996-4c63-a7d6-4830e8f99f85,1,a,3,2,social,I,earlier
9faba9f4-0996-4c63-a7d6-4830e8f99f85,1,a,1,16,refer,K,earlier
9faba9f4-0996-4c63-a7d6-4830e8f99f85,1,a,4,4,refer,J,earlier
60147a8f-649e-4910-9b41-cead0636b053,1,a,3,4,social,E,later
60147a8f-649e-4910-9b41-cead0636b053,1,a,4,0,social,K,earlier
60147a8f-649e-4910-9b41-cead0636b053,1,a,3,1,social,K,later
60147a8f-649e-4910-9b41-cead0636b053,1,a,3,2,refer,F,earlier
60147a8f-649e-4910-9b41-cead0636b053,1,a,1,16,social,F,later
60147a8f-649e-4910-9b41-cead0636b053,1,a,2,8,social,G,later
60147a8f-649e-4910-9b41-cead0636b053,1,a,2,1,refer,G,earlier
60147a8f-649e-4910-9b41-cead0636b053,1,a,1,0,social,F,earlier
60147a8f-649e-4910-9b41-cead0636b053,1,a,1,4,refer,F,later
60147a8f-649e-4910-9b41-cead0636b053,1,a,3,16,refer,G,later
60147a8f-649e-4910-9b41-cead0636b053,1,a,4,8,refer,J,later
60147a8f-649e-4910-9b41-cead0636b053,1,a,2,4,social,E,later
60147a8f-649e-4910-9b41-cead0636b053,1,a,1,2,social,K,later
60147a8f-649e-4910-9b41-cead0636b053,1,a,3,16,refer,G,earlier
60147a8f-649e-4910-9b41-cead0636b053,1,a,3,4,social,E,earlier
60147a8f-649e-4910-9b41-cead0636b053,1,a,4,16,social,G,earlier
60147a8f-649e-4910-9b41-cead0636b053,1,a,3,2,social,E,later
60147a8f-649e-4910-9b41-cead0636b053,1,a,0,2,social,J,earlier
60147a8f-649e-4910-9b41-cead0636b053,1,a,0,16,social,E,earlier
60147a8f-649e-4910-9b41-cead0636b053,1,a,3,8,social,F,earlier
60147a8f-649e-4910-9b41-cead0636b053,1,a,2,2,refer,J,later
60147a8f-649e-4910-9b41-cead0636b053,1,a,2,4,social,K,earlier
60147a8f-649e-4910-9b41-cead0636b053,1,a,2,8,refer,I,earlier
60147a8f-649e-4910-9b41-cead0636b053,1,a,0,2,refer,J,later
60147a8f-649e-4910-9b41-cead0636b053,1,a,2,16,social,G,earlier
60147a8f-649e-4910-9b41-cead0636b053,1,a,4,0,social,F,later
60147a8f-649e-4910-9b41-cead0636b053,1,a,4,1,social,F,earlier
60147a8f-649e-4910-9b41-cead0636b053,1,a,0,4,social,G,earlier
60147a8f-649e-4910-9b41-cead0636b053,1,a,0,16,refer,E,earlier
60147a8f-649e-4910-9b41-cead0636b053,1,a,0,4,refer,E,later
60147a8f-649e-4910-9b41-cead0636b053,1,a,1,8,social,K,later
60147a8f-649e-4910-9b41-cead0636b053,1,a,4,2,refer,J,earlier
60147a8f-649e-4910-9b41-cead0636b053,1,a,1,4,refer,K,later
60147a8f-649e-4910-9b41-cead0636b053,1,a,2,1,refer,I,later
60147a8f-649e-4910-9b41-cead0636b053,1,a,0,1,refer,F,later
60147a8f-649e-4910-9b41-cead0636b053,1,a,1,2,refer,I,later
60147a8f-649e-4910-9b41-cead0636b053,1,a,0,8,refer,I,later
60147a8f-649e-4910-9b41-cead0636b053,1,a,1,1,refer,J,earlier
60147a8f-649e-4910-9b41-cead0636b053,1,a,3,0,refer,J,later
60147a8f-649e-4910-9b41-cead0636b053,1,a,2,0,social,I,later
60147a8f-649e-4910-9b41-cead0636b053,1,a,3,1,social,G,earlier
60147a8f-649e-4910-9b41-cead0636b053,1,a,3,0,refer,J,later
60147a8f-649e-4910-9b41-cead0636b053,1,a,0,8,social,E,earlier
60147a8f-649e-4910-9b41-cead0636b053,1,a,1,8,social,J,earlier
60147a8f-649e-4910-9b41-cead0636b053,1,a,2,16,refer,K,earlier
60147a8f-649e-4910-9b41-cead0636b053,1,a,2,0,social,K,later
60147a8f-649e-4910-9b41-cead0636b053,1,a,1,0,social,E,later
60147a8f-649e-4910-9b41-cead0636b053,1,a,0,1,social,I,earlier
60147a8f-649e-4910-9b41-cead0636b053,1,a,4,8,refer,F,earlier
60147a8f-649e-4910-9b41-cead0636b053,1,a,1,16,refer,I,earlier
60147a8f-649e-4910-9b41-cead0636b053,1,a,1,1,refer,F,earlier
60147a8f-649e-4910-9b41-cead0636b053,1,a,3,8,refer,E,earlier
60147a8f-649e-4910-9b41-cead0636b053,1,a,4,2,social,G,earlier
60147a8f-649e-4910-9b41-cead0636b053,1,a,4,0,refer,I,later
60147a8f-649e-4910-9b41-cead0636b053,1,a,4,0,refer,K,later
60147a8f-649e-4910-9b41-cead0636b053,1,a,2,2,refer,I,earlier
60147a8f-649e-4910-9b41-cead0636b053,1,a,4,4,refer,G,earlier
60147a8f-649e-4910-9b41-cead0636b053,1,a,4,16,social,K,earlier
60147a8f-649e-4910-9b41-cead0636b053,1,a,4,1,refer,I,earlier
60147a8f-649e-4910-9b41-cead0636b053,1,a,4,4,social,J,earlier
42872edb-c53f-473d-987c-8beec4c943f7,1,a,3,16,social,I,later
42872edb-c53f-473d-987c-8beec4c943f7,1,a,2,4,social,K,later
42872edb-c53f-473d-987c-8beec4c943f7,1,a,0,16,social,F,earlier
42872edb-c53f-473d-987c-8beec4c943f7,1,a,3,8,refer,I,later
42872edb-c53f-473d-987c-8beec4c943f7,1,a,2,1,social,J,earlier
42872edb-c53f-473d-987c-8beec4c943f7,1,a,0,16,refer,G,earlier
42872edb-c53f-473d-987c-8beec4c943f7,1,a,3,16,refer,I,later
42872edb-c53f-473d-987c-8beec4c943f7,1,a,0,1,refer,K,earlier
42872edb-c53f-473d-987c-8beec4c943f7,1,a,2,16,refer,J,earlier
42872edb-c53f-473d-987c-8beec4c943f7,1,a,1,16,refer,K,earlier
42872edb-c53f-473d-987c-8beec4c943f7,1,a,2,2,refer,G,earlier
42872edb-c53f-473d-987c-8beec4c943f7,1,a,0,4,social,J,earlier
42872edb-c53f-473d-987c-8beec4c943f7,1,a,0,1,social,G,earlier
42872edb-c53f-473d-987c-8beec4c943f7,1,a,1,0,refer,G,later
42872edb-c53f-473d-987c-8beec4c943f7,1,a,2,4,social,I,later
42872edb-c53f-473d-987c-8beec4c943f7,1,a,3,4,social,K,later
42872edb-c53f-473d-987c-8beec4c943f7,1,a,4,8,refer,F,earlier
42872edb-c53f-473d-987c-8beec4c943f7,1,a,0,2,refer,J,earlier
42872edb-c53f-473d-987c-8beec4c943f7,1,a,2,8,social,F,later
42872edb-c53f-473d-987c-8beec4c943f7,1,a,3,4,social,F,later
42872edb-c53f-473d-987c-8beec4c943f7,1,a,0,2,social,E,later
42872edb-c53f-473d-987c-8beec4c943f7,1,a,0,8,social,G,earlier
42872edb-c53f-473d-987c-8beec4c943f7,1,a,2,0,refer,K,earlier
42872edb-c53f-473d-987c-8beec4c943f7,1,a,2,2,social,E,later
42872edb-c53f-473d-987c-8beec4c943f7,1,a,4,4,social,F,later
42872edb-c53f-473d-987c-8beec4c943f7,1,a,0,8,refer,G,earlier
42872edb-c53f-473d-987c-8beec4c943f7,1,a,4,0,social,F,later
42872edb-c53f-473d-987c-8beec4c943f7,1,a,4,1,refer,E,later
42872edb-c53f-473d-987c-8beec4c943f7,1,a,0,4,social,K,earlier
42872edb-c53f-473d-987c-8beec4c943f7,1,a,4,4,refer,K,earlier
42872edb-c53f-473d-987c-8beec4c943f7,1,a,3,2,social,E,later
42872edb-c53f-473d-987c-8beec4c943f7,1,a,3,2,social,K,later
42872edb-c53f-473d-987c-8beec4c943f7,1,a,3,8,social,J,later
42872edb-c53f-473d-987c-8beec4c943f7,1,a,1,4,refer,E,later
42872edb-c53f-473d-987c-8beec4c943f7,1,a,4,0,refer,F,later
42872edb-c53f-473d-987c-8beec4c943f7,1,a,1,2,social,I,later
42872edb-c53f-473d-987c-8beec4c943f7,1,a,4,16,social,E,later
42872edb-c53f-473d-987c-8beec4c943f7,1,a,1,0,refer,J,later
42872edb-c53f-473d-987c-8beec4c943f7,1,a,4,8,refer,G,later
42872edb-c53f-473d-987c-8beec4c943f7,1,a,2,0,refer,I,later
42872edb-c53f-473d-987c-8beec4c943f7,1,a,4,0,refer,I,later
42872edb-c53f-473d-987c-8beec4c943f7,1,a,3,1,social,E,later
42872edb-c53f-473d-987c-8beec4c943f7,1,a,3,1,social,J,later
42872edb-c53f-473d-987c-8beec4c943f7,1,a,2,8,refer,F,later
42872edb-c53f-473d-987c-8beec4c943f7,1,a,1,8,social,E,later
42872edb-c53f-473d-987c-8beec4c943f7,1,a,1,16,refer,G,earlier
42872edb-c53f-473d-987c-8beec4c943f7,1,a,4,0,refer,J,later
42872edb-c53f-473d-987c-8beec4c943f7,1,a,1,2,social,J,later
42872edb-c53f-473d-987c-8beec4c943f7,1,a,3,0,social,F,later
42872edb-c53f-473d-987c-8beec4c943f7,1,a,4,2,social,J,later
42872edb-c53f-473d-987c-8beec4c943f7,1,a,3,0,refer,I,later
42872edb-c53f-473d-987c-8beec4c943f7,1,a,1,1,refer,G,earlier
42872edb-c53f-473d-987c-8beec4c943f7,1,a,1,8,refer,I,later
42872edb-c53f-473d-987c-8beec4c943f7,1,a,2,1,refer,I,later
42872edb-c53f-473d-987c-8beec4c943f7,1,a,4,1,refer,F,earlier
42872edb-c53f-473d-987c-8beec4c943f7,1,a,1,1,social,K,later
42872edb-c53f-473d-987c-8beec4c943f7,1,a,4,2,refer,K,earlier
42872edb-c53f-473d-987c-8beec4c943f7,1,a,2,16,social,G,later
42872edb-c53f-473d-987c-8beec4c943f7,1,a,1,4,social,E,later
42872edb-c53f-473d-987c-8beec4c943f7,1,a,4,16,refer,E,later
fec49bf8-852e-4b78-be20-4904786ce393,1,b,4,4,refer,I,earlier
fec49bf8-852e-4b78-be20-4904786ce393,1,b,2,2,social,J,later
fec49bf8-852e-4b78-be20-4904786ce393,1,b,1,8,social,G,later
fec49bf8-852e-4b78-be20-4904786ce393,1,b,1,2,social,J,later
fec49bf8-852e-4b78-be20-4904786ce393,1,b,3,8,social,E,later
fec49bf8-852e-4b78-be20-4904786ce393,1,b,4,0,social,G,later
fec49bf8-852e-4b78-be20-4904786ce393,1,b,2,2,refer,I,earlier
fec49bf8-852e-4b78-be20-4904786ce393,1,b,3,2,refer,K,earlier
fec49bf8-852e-4b78-be20-4904786ce393,1,b,3,16,refer,E,earlier
fec49bf8-852e-4b78-be20-4904786ce393,1,b,1,4,social,J,later
fec49bf8-852e-4b78-be20-4904786ce393,1,b,4,16,refer,F,earlier
fec49bf8-852e-4b78-be20-4904786ce393,1,b,1,2,refer,K,earlier
fec49bf8-852e-4b78-be20-4904786ce393,1,b,4,4,social,F,later
fec49bf8-852e-4b78-be20-4904786ce393,1,b,3,4,social,G,later
fec49bf8-852e-4b78-be20-4904786ce393,1,b,0,4,refer,E,earlier
fec49bf8-852e-4b78-be20-4904786ce393,1,b,4,2,refer,I,earlier
fec49bf8-852e-4b78-be20-4904786ce393,1,b,0,1,social,G,earlier
fec49bf8-852e-4b78-be20-4904786ce393,1,b,1,0,refer,E,later
fec49bf8-852e-4b78-be20-4904786ce393,1,b,0,16,social,F,earlier
fec49bf8-852e-4b78-be20-4904786ce393,1,b,0,2,refer,E,earlier
fec49bf8-852e-4b78-be20-4904786ce393,1,b,2,0,refer,I,later
fec49bf8-852e-4b78-be20-4904786ce393,1,b,4,2,refer,F,earlier
fec49bf8-852e-4b78-be20-4904786ce393,1,b,4,8,social,I,later
fec49bf8-852e-4b78-be20-4904786ce393,1,b,2,8,refer,K,earlier
fec49bf8-852e-4b78-be20-4904786ce393,1,b,1,8,refer,K,earlier
fec49bf8-852e-4b78-be20-4904786ce393,1,b,0,1,social,K,earlier
fec49bf8-852e-4b78-be20-4904786ce393,1,b,0,4,refer,G,earlier
fec49bf8-852e-4b78-be20-4904786ce393,1,b,0,8,social,E,earlier
fec49bf8-852e-4b78-be20-4904786ce393,1,b,3,8,social,E,later
fec49bf8-852e-4b78-be20-4904786ce393,1,b,4,0,refer,E,later
fec49bf8-852e-4b78-be20-4904786ce393,1,b,2,4,social,E,later
fec49bf8-852e-4b78-be20-4904786ce393,1,b,3,1,social,J,later
fec49bf8-852e-4b78-be20-4904786ce393,1,b,4,0,social,I,later
fec49bf8-852e-4b78-be20-4904786ce393,1,b,3,0,refer,I,later
fec49bf8-852e-4b78-be20-4904786ce393,1,b,2,16,social,G,later
fec49bf8-852e-4b78-be20-4904786ce393,1,b,3,4,social,I,later
fec49bf8-852e-4b78-be20-4904786ce393,1,b,1,16,social,K,later
fec49bf8-852e-4b78-be20-4904786ce393,1,b,2,8,refer,I,earlier
fec49bf8-852e-4b78-be20-4904786ce393,1,b,2,1,social,J,later
fec49bf8-852e-4b78-be20-4904786ce393,1,b,4,1,refer,E,later
fec49bf8-852e-4b78-be20-4904786ce393,1,b,1,0,refer,J,later
fec49bf8-852e-4b78-be20-4904786ce393,1,b,1,4,refer,K,earlier
fec49bf8-852e-4b78-be20-4904786ce393,1,b,2,1,social,F,later
fec49bf8-852e-4b78-be20-4904786ce393,1,b,2,16,refer,G,earlier
fec49bf8-852e-4b78-be20-4904786ce393,1,b,2,4,social,G,later
fec49bf8-852e-4b78-be20-4904786ce393,1,b,3,1,social,K,later
fec49bf8-852e-4b78-be20-4904786ce393,1,b,2,0,refer,J,later
fec49bf8-852e-4b78-be20-4904786ce393,1,b,0,2,social,I,earlier
fec49bf8-852e-4b78-be20-4904786ce393,1,b,0,8,social,J,earlier
fec49bf8-852e-4b78-be20-4904786ce393,1,b,3,2,refer,J,earlier
fec49bf8-852e-4b78-be20-4904786ce393,1,b,1,1,refer,G,earlier
fec49bf8-852e-4b78-be20-4904786ce393,1,b,4,0,social,F,later
fec49bf8-852e-4b78-be20-4904786ce393,1,b,0,16,refer,F,earlier
fec49bf8-852e-4b78-be20-4904786ce393,1,b,3,0,refer,G,later
fec49bf8-852e-4b78-be20-4904786ce393,1,b,4,16,social,F,later
fec49bf8-852e-4b78-be20-4904786ce393,1,b,4,8,refer,K,earlier
fec49bf8-852e-4b78-be20-4904786ce393,1,b,1,16,refer,F,earlier
fec49bf8-852e-4b78-be20-4904786ce393,1,b,4,1,social,J,later
fec49bf8-852e-4b78-be20-4904786ce393,1,b,1,1,refer,F,earlier
fec49bf8-852e-4b78-be20-4904786ce393,1,b,3,16,social,K,later
5a7ad784-1dbb-442d-801d-358907239165,1,a,4,2,refer,E,later
5a7ad784-1dbb-442d-801d-358907239165,1,a,0,4,social,E,later
5a7ad784-1dbb-442d-801d-358907239165,1,a,4,0,refer,I,later
5a7ad784-1dbb-442d-801d-358907239165,1,a,1,2,social,G,later
5a7ad784-1dbb-442d-801d-358907239165,1,a,0,16,refer,K,later
5a7ad784-1dbb-442d-801d-358907239165,1,a,1,8,social,I,later
5a7ad784-1dbb-442d-801d-358907239165,1,a,0,16,social,G,later
5a7ad784-1dbb-442d-801d-358907239165,1,a,0,8,social,I,later
5a7ad784-1dbb-442d-801d-358907239165,1,a,4,16,refer,G,later
5a7ad784-1dbb-442d-801d-358907239165,1,a,4,8,social,F,later
5a7ad784-1dbb-442d-801d-358907239165,1,a,0,2,social,I,later
5a7ad784-1dbb-442d-801d-358907239165,1,a,2,2,refer,E,later
5a7ad784-1dbb-442d-801d-358907239165,1,a,2,8,refer,G,later
5a7ad784-1dbb-442d-801d-358907239165,1,a,2,4,social,I,later
5a7ad784-1dbb-442d-801d-358907239165,1,a,2,16,refer,J,later
5a7ad784-1dbb-442d-801d-358907239165,1,a,3,8,refer,E,later
5a7ad784-1dbb-442d-801d-358907239165,1,a,4,4,social,K,later
5a7ad784-1dbb-442d-801d-358907239165,1,a,1,4,refer,I,later
5a7ad784-1dbb-442d-801d-358907239165,1,a,3,16,refer,E,later
5a7ad784-1dbb-442d-801d-358907239165,1,a,1,0,social,I,earlier
5a7ad784-1dbb-442d-801d-358907239165,1,a,2,8,refer,K,earlier
5a7ad784-1dbb-442d-801d-358907239165,1,a,4,0,refer,F,earlier
5a7ad784-1dbb-442d-801d-358907239165,1,a,0,2,social,G,later
5a7ad784-1dbb-442d-801d-358907239165,1,a,4,16,refer,G,earlier
5a7ad784-1dbb-442d-801d-358907239165,1,a,1,8,refer,K,earlier
5a7ad784-1dbb-442d-801d-358907239165,1,a,4,2,refer,K,earlier
5a7ad784-1dbb-442d-801d-358907239165,1,a,2,16,social,F,earlier
5a7ad784-1dbb-442d-801d-358907239165,1,a,3,16,social,F,earlier
5a7ad784-1dbb-442d-801d-358907239165,1,a,4,0,social,J,earlier
5a7ad784-1dbb-442d-801d-358907239165,1,a,2,0,social,E,earlier
5a7ad784-1dbb-442d-801d-358907239165,1,a,0,1,social,J,earlier
5a7ad784-1dbb-442d-801d-358907239165,1,a,4,4,refer,K,earlier
5a7ad784-1dbb-442d-801d-358907239165,1,a,0,8,refer,F,later
5a7ad784-1dbb-442d-801d-358907239165,1,a,2,1,refer,E,later
5a7ad784-1dbb-442d-801d-358907239165,1,a,1,1,refer,F,earlier
5a7ad784-1dbb-442d-801d-358907239165,1,a,4,1,social,F,earlier
5a7ad784-1dbb-442d-801d-358907239165,1,a,1,16,refer,I,earlier
5a7ad784-1dbb-442d-801d-358907239165,1,a,1,2,refer,J,later
5a7ad784-1dbb-442d-801d-358907239165,1,a,2,4,social,G,earlier
5a7ad784-1dbb-442d-801d-358907239165,1,a,1,16,social,E,earlier
5a7ad784-1dbb-442d-801d-358907239165,1,a,3,2,refer,I,later
5a7ad784-1dbb-442d-801d-358907239165,1,a,4,0,social,J,later
5a7ad784-1dbb-442d-801d-358907239165,1,a,4,1,refer,E,earlier
5a7ad784-1dbb-442d-801d-358907239165,1,a,1,1,social,F,earlier
5a7ad784-1dbb-442d-801d-358907239165,1,a,2,1,social,J,earlier
5a7ad784-1dbb-442d-801d-358907239165,1,a,1,4,refer,J,later
5a7ad784-1dbb-442d-801d-358907239165,1,a,4,8,refer,J,earlier
5a7ad784-1dbb-442d-801d-358907239165,1,a,3,8,refer,G,earlier
5a7ad784-1dbb-442d-801d-358907239165,1,a,0,1,social,K,earlier
5a7ad784-1dbb-442d-801d-358907239165,1,a,3,4,social,F,earlier
5a7ad784-1dbb-442d-801d-358907239165,1,a,3,4,social,K,earlier
5a7ad784-1dbb-442d-801d-358907239165,1,a,3,0,refer,E,earlier
5a7ad784-1dbb-442d-801d-358907239165,1,a,3,1,refer,K,later
5a7ad784-1dbb-442d-801d-358907239165,1,a,1,0,social,K,earlier
5a7ad784-1dbb-442d-801d-358907239165,1,a,3,0,social,G,earlier
5a7ad784-1dbb-442d-801d-358907239165,1,a,0,4,social,I,earlier
5a7ad784-1dbb-442d-801d-358907239165,1,a,3,1,refer,F,later
5a7ad784-1dbb-442d-801d-358907239165,1,a,3,2,social,J,earlier
5a7ad784-1dbb-442d-801d-358907239165,1,a,2,0,refer,J,earlier
5a7ad784-1dbb-442d-801d-358907239165,1,a,2,2,social,G,earlier
3c896d8a-31a5-42b4-bd6b-9d9a0d1ba02f,1,a,1,8,social,I,earlier
3c896d8a-31a5-42b4-bd6b-9d9a0d1ba02f,1,a,3,16,refer,F,earlier
3c896d8a-31a5-42b4-bd6b-9d9a0d1ba02f,1,a,4,0,refer,G,earlier
3c896d8a-31a5-42b4-bd6b-9d9a0d1ba02f,1,a,0,1,social,G,earlier
3c896d8a-31a5-42b4-bd6b-9d9a0d1ba02f,1,a,1,2,social,K,later
3c896d8a-31a5-42b4-bd6b-9d9a0d1ba02f,1,a,4,4,social,G,earlier
3c896d8a-31a5-42b4-bd6b-9d9a0d1ba02f,1,a,2,2,refer,F,earlier
3c896d8a-31a5-42b4-bd6b-9d9a0d1ba02f,1,a,3,1,refer,E,later
3c896d8a-31a5-42b4-bd6b-9d9a0d1ba02f,1,a,1,4,social,E,later
3c896d8a-31a5-42b4-bd6b-9d9a0d1ba02f,1,a,3,0,refer,I,earlier
3c896d8a-31a5-42b4-bd6b-9d9a0d1ba02f,1,a,0,16,refer,I,earlier
3c896d8a-31a5-42b4-bd6b-9d9a0d1ba02f,1,a,1,16,social,J,later
3c896d8a-31a5-42b4-bd6b-9d9a0d1ba02f,1,a,2,16,refer,F,earlier
3c896d8a-31a5-42b4-bd6b-9d9a0d1ba02f,1,a,3,0,refer,F,earlier
3c896d8a-31a5-42b4-bd6b-9d9a0d1ba02f,1,a,2,4,refer,F,earlier
3c896d8a-31a5-42b4-bd6b-9d9a0d1ba02f,1,a,0,4,refer,J,later
3c896d8a-31a5-42b4-bd6b-9d9a0d1ba02f,1,a,4,8,refer,I,earlier
3c896d8a-31a5-42b4-bd6b-9d9a0d1ba02f,1,a,1,16,social,K,later
3c896d8a-31a5-42b4-bd6b-9d9a0d1ba02f,1,a,4,4,social,J,later
3c896d8a-31a5-42b4-bd6b-9d9a0d1ba02f,1,a,4,2,social,G,earlier
3c896d8a-31a5-42b4-bd6b-9d9a0d1ba02f,1,a,2,0,refer,E,later
3c896d8a-31a5-42b4-bd6b-9d9a0d1ba02f,1,a,1,0,refer,E,later
3c896d8a-31a5-42b4-bd6b-9d9a0d1ba02f,1,a,3,16,social,J,later
3c896d8a-31a5-42b4-bd6b-9d9a0d1ba02f,1,a,2,16,social,G,earlier
3c896d8a-31a5-42b4-bd6b-9d9a0d1ba02f,1,a,2,8,refer,J,later
3c896d8a-31a5-42b4-bd6b-9d9a0d1ba02f,1,a,3,2,social,I,earlier
3c896d8a-31a5-42b4-bd6b-9d9a0d1ba02f,1,a,4,0,refer,F,earlier
3c896d8a-31a5-42b4-bd6b-9d9a0d1ba02f,1,a,3,4,social,F,earlier
3c896d8a-31a5-42b4-bd6b-9d9a0d1ba02f,1,a,4,1,social,J,later
3c896d8a-31a5-42b4-bd6b-9d9a0d1ba02f,1,a,2,2,social,I,earlier
3c896d8a-31a5-42b4-bd6b-9d9a0d1ba02f,1,a,2,8,refer,E,later
3c896d8a-31a5-42b4-bd6b-9d9a0d1ba02f,1,a,4,16,refer,G,earlier
3c896d8a-31a5-42b4-bd6b-9d9a0d1ba02f,1,a,2,4,refer,K,later
3c896d8a-31a5-42b4-bd6b-9d9a0d1ba02f,1,a,4,16,social,J,later
3c896d8a-31a5-42b4-bd6b-9d9a0d1ba02f,1,a,1,0,social,F,earlier
3c896d8a-31a5-42b4-bd6b-9d9a0d1ba02f,1,a,1,8,social,E,later
3c896d8a-31a5-42b4-bd6b-9d9a0d1ba02f,1,a,3,1,refer,J,later
3c896d8a-31a5-42b4-bd6b-9d9a0d1ba02f,1,a,3,8,refer,G,earlier
3c896d8a-31a5-42b4-bd6b-9d9a0d1ba02f,1,a,1,1,social,K,later
3c896d8a-31a5-42b4-bd6b-9d9a0d1ba02f,1,a,2,0,refer,G,earlier
3c896d8a-31a5-42b4-bd6b-9d9a0d1ba02f,1,a,1,4,refer,K,later
3c896d8a-31a5-42b4-bd6b-9d9a0d1ba02f,1,a,4,0,social,I,earlier
3c896d8a-31a5-42b4-bd6b-9d9a0d1ba02f,1,a,4,2,refer,K,later
3c896d8a-31a5-42b4-bd6b-9d9a0d1ba02f,1,a,3,8,social,F,earlier
3c896d8a-31a5-42b4-bd6b-9d9a0d1ba02f,1,a,1,1,refer,G,earlier
3c896d8a-31a5-42b4-bd6b-9d9a0d1ba02f,1,a,0,2,social,K,later
3c896d8a-31a5-42b4-bd6b-9d9a0d1ba02f,1,a,3,4,social,J,later
3c896d8a-31a5-42b4-bd6b-9d9a0d1ba02f,1,a,0,16,social,K,later
3c896d8a-31a5-42b4-bd6b-9d9a0d1ba02f,1,a,0,4,refer,E,later
3c896d8a-31a5-42b4-bd6b-9d9a0d1ba02f,1,a,0,1,social,K,later
3c896d8a-31a5-42b4-bd6b-9d9a0d1ba02f,1,a,4,8,social,E,later
3c896d8a-31a5-42b4-bd6b-9d9a0d1ba02f,1,a,4,1,social,G,earlier
3c896d8a-31a5-42b4-bd6b-9d9a0d1ba02f,1,a,0,2,refer,I,earlier
3c896d8a-31a5-42b4-bd6b-9d9a0d1ba02f,1,a,0,8,social,K,later
3c896d8a-31a5-42b4-bd6b-9d9a0d1ba02f,1,a,2,1,social,J,later
3c896d8a-31a5-42b4-bd6b-9d9a0d1ba02f,1,a,1,2,refer,I,earlier
3c896d8a-31a5-42b4-bd6b-9d9a0d1ba02f,1,a,4,0,refer,E,later
3c896d8a-31a5-42b4-bd6b-9d9a0d1ba02f,1,a,2,1,social,I,earlier
3c896d8a-31a5-42b4-bd6b-9d9a0d1ba02f,1,a,0,8,refer,E,later
3c896d8a-31a5-42b4-bd6b-9d9a0d1ba02f,1,a,3,2,refer,F,earlier
497c748c-a1a8-4e34-9f49-3addf89ff03c,2,b,4,4,social,G,earlier
497c748c-a1a8-4e34-9f49-3addf89ff03c,2,b,4,0,social,C,later
497c748c-a1a8-4e34-9f49-3addf89ff03c,2,b,3,0,refer,I,later
497c748c-a1a8-4e34-9f49-3addf89ff03c,2,b,4,2,refer,I,earlier
497c748c-a1a8-4e34-9f49-3addf89ff03c,2,b,1,2,social,A,earlier
497c748c-a1a8-4e34-9f49-3addf89ff03c,2,b,4,16,refer,E,earlier
497c748c-a1a8-4e34-9f49-3addf89ff03c,2,b,1,16,refer,G,earlier
497c748c-a1a8-4e34-9f49-3addf89ff03c,2,b,0,16,refer,I,earlier
497c748c-a1a8-4e34-9f49-3addf89ff03c,2,b,1,0,social,G,later
497c748c-a1a8-4e34-9f49-3addf89ff03c,2,b,4,0,refer,I,later
497c748c-a1a8-4e34-9f49-3addf89ff03c,2,b,1,8,refer,C,earlier
497c748c-a1a8-4e34-9f49-3addf89ff03c,2,b,1,2,social,C,earlier
497c748c-a1a8-4e34-9f49-3addf89ff03c,2,b,3,2,social,I,earlier
497c748c-a1a8-4e34-9f49-3addf89ff03c,2,b,4,2,social,A,earlier
497c748c-a1a8-4e34-9f49-3addf89ff03c,2,b,2,8,social,K,earlier
497c748c-a1a8-4e34-9f49-3addf89ff03c,2,b,3,1,refer,G,earlier
497c748c-a1a8-4e34-9f49-3addf89ff03c,2,b,4,0,refer,G,later
497c748c-a1a8-4e34-9f49-3addf89ff03c,2,b,3,2,refer,K,earlier
497c748c-a1a8-4e34-9f49-3addf89ff03c,2,b,1,0,social,I,later
497c748c-a1a8-4e34-9f49-3addf89ff03c,2,b,1,1,refer,E,earlier
497c748c-a1a8-4e34-9f49-3addf89ff03c,2,b,3,16,refer,C,earlier
497c748c-a1a8-4e34-9f49-3addf89ff03c,2,b,1,4,social,G,earlier
497c748c-a1a8-4e34-9f49-3addf89ff03c,2,b,0,2,refer,A,earlier
497c748c-a1a8-4e34-9f49-3addf89ff03c,2,b,1,4,social,A,earlier
497c748c-a1a8-4e34-9f49-3addf89ff03c,2,b,0,8,social,K,earlier
497c748c-a1a8-4e34-9f49-3addf89ff03c,2,b,3,4,social,A,earlier
497c748c-a1a8-4e34-9f49-3addf89ff03c,2,b,2,16,social,E,earlier
497c748c-a1a8-4e34-9f49-3addf89ff03c,2,b,4,0,refer,C,later
497c748c-a1a8-4e34-9f49-3addf89ff03c,2,b,4,1,refer,I,later
497c748c-a1a8-4e34-9f49-3addf89ff03c,2,b,4,1,social,K,earlier
497c748c-a1a8-4e34-9f49-3addf89ff03c,2,b,4,4,social,G,earlier
497c748c-a1a8-4e34-9f49-3addf89ff03c,2,b,0,8,social,E,earlier
497c748c-a1a8-4e34-9f49-3addf89ff03c,2,b,2,0,social,C,later
497c748c-a1a8-4e34-9f49-3addf89ff03c,2,b,1,8,social,K,earlier
497c748c-a1a8-4e34-9f49-3addf89ff03c,2,b,3,4,refer,E,earlier
497c748c-a1a8-4e34-9f49-3addf89ff03c,2,b,3,8,refer,K,earlier
497c748c-a1a8-4e34-9f49-3addf89ff03c,2,b,0,4,social,E,earlier
497c748c-a1a8-4e34-9f49-3addf89ff03c,2,b,4,8,social,K,earlier
497c748c-a1a8-4e34-9f49-3addf89ff03c,2,b,2,16,refer,E,earlier
497c748c-a1a8-4e34-9f49-3addf89ff03c,2,b,3,1,refer,G,later
497c748c-a1a8-4e34-9f49-3addf89ff03c,2,b,2,8,refer,E,earlier
497c748c-a1a8-4e34-9f49-3addf89ff03c,2,b,1,16,refer,C,earlier
497c748c-a1a8-4e34-9f49-3addf89ff03c,2,b,2,4,social,G,earlier
497c748c-a1a8-4e34-9f49-3addf89ff03c,2,b,2,1,refer,K,earlier
497c748c-a1a8-4e34-9f49-3addf89ff03c,2,b,2,2,refer,A,earlier
497c748c-a1a8-4e34-9f49-3addf89ff03c,2,b,4,8,social,I,earlier
497c748c-a1a8-4e34-9f49-3addf89ff03c,2,b,0,1,social,A,earlier
497c748c-a1a8-4e34-9f49-3addf89ff03c,2,b,2,1,social,K,earlier
497c748c-a1a8-4e34-9f49-3addf89ff03c,2,b,2,2,refer,A,earlier
497c748c-a1a8-4e34-9f49-3addf89ff03c,2,b,0,1,refer,K,earlier
497c748c-a1a8-4e34-9f49-3addf89ff03c,2,b,2,0,social,G,later
497c748c-a1a8-4e34-9f49-3addf89ff03c,2,b,2,4,refer,C,earlier
497c748c-a1a8-4e34-9f49-3addf89ff03c,2,b,0,4,refer,A,earlier
497c748c-a1a8-4e34-9f49-3addf89ff03c,2,b,4,16,refer,A,earlier
497c748c-a1a8-4e34-9f49-3addf89ff03c,2,b,0,16,social,C,earlier
497c748c-a1a8-4e34-9f49-3addf89ff03c,2,b,3,8,social,C,earlier
497c748c-a1a8-4e34-9f49-3addf89ff03c,2,b,3,0,social,E,later
497c748c-a1a8-4e34-9f49-3addf89ff03c,2,b,1,1,refer,I,earlier
497c748c-a1a8-4e34-9f49-3addf89ff03c,2,b,0,2,refer,E,earlier
497c748c-a1a8-4e34-9f49-3addf89ff03c,2,b,3,16,social,I,earlier
b0002cf3-d689-4a82-9b3c-6d82e25a5714,2,b,4,0,refer,G,later
b0002cf3-d689-4a82-9b3c-6d82e25a5714,2,b,2,8,social,C,later
b0002cf3-d689-4a82-9b3c-6d82e25a5714,2,b,1,2,refer,K,earlier
b0002cf3-d689-4a82-9b3c-6d82e25a5714,2,b,4,16,refer,A,earlier
b0002cf3-d689-4a82-9b3c-6d82e25a5714,2,b,3,2,refer,E,later
b0002cf3-d689-4a82-9b3c-6d82e25a5714,2,b,4,0,refer,K,later
b0002cf3-d689-4a82-9b3c-6d82e25a5714,2,b,3,4,social,E,earlier
b0002cf3-d689-4a82-9b3c-6d82e25a5714,2,b,4,16,social,G,earlier
b0002cf3-d689-4a82-9b3c-6d82e25a5714,2,b,3,8,social,E,earlier
b0002cf3-d689-4a82-9b3c-6d82e25a5714,2,b,0,1,social,A,earlier
b0002cf3-d689-4a82-9b3c-6d82e25a5714,2,b,3,4,refer,E,earlier
b0002cf3-d689-4a82-9b3c-6d82e25a5714,2,b,0,8,social,C,earlier
b0002cf3-d689-4a82-9b3c-6d82e25a5714,2,b,2,4,social,A,earlier
b0002cf3-d689-4a82-9b3c-6d82e25a5714,2,b,4,8,refer,G,earlier
b0002cf3-d689-4a82-9b3c-6d82e25a5714,2,b,3,2,social,C,later
b0002cf3-d689-4a82-9b3c-6d82e25a5714,2,b,3,16,social,E,earlier
b0002cf3-d689-4a82-9b3c-6d82e25a5714,2,b,2,1,refer,E,earlier
b0002cf3-d689-4a82-9b3c-6d82e25a5714,2,b,0,2,social,G,earlier
b0002cf3-d689-4a82-9b3c-6d82e25a5714,2,b,2,2,social,E,later
b0002cf3-d689-4a82-9b3c-6d82e25a5714,2,b,1,8,refer,G,earlier
b0002cf3-d689-4a82-9b3c-6d82e25a5714,2,b,4,1,refer,C,later
b0002cf3-d689-4a82-9b3c-6d82e25a5714,2,b,3,0,refer,E,later
b0002cf3-d689-4a82-9b3c-6d82e25a5714,2,b,4,2,refer,C,later
b0002cf3-d689-4a82-9b3c-6d82e25a5714,2,b,3,1,social,K,later
b0002cf3-d689-4a82-9b3c-6d82e25a5714,2,b,2,0,refer,I,later
b0002cf3-d689-4a82-9b3c-6d82e25a5714,2,b,2,8,social,I,earlier
b0002cf3-d689-4a82-9b3c-6d82e25a5714,2,b,2,2,social,C,later
b0002cf3-d689-4a82-9b3c-6d82e25a5714,2,b,3,0,refer,I,later
b0002cf3-d689-4a82-9b3c-6d82e25a5714,2,b,0,16,refer,K,earlier
b0002cf3-d689-4a82-9b3c-6d82e25a5714,2,b,2,0,social,A,later
b0002cf3-d689-4a82-9b3c-6d82e25a5714,2,b,0,4,refer,G,earlier
b0002cf3-d689-4a82-9b3c-6d82e25a5714,2,b,4,0,refer,E,later
b0002cf3-d689-4a82-9b3c-6d82e25a5714,2,b,1,16,social,I,earlier
b0002cf3-d689-4a82-9b3c-6d82e25a5714,2,b,0,1,refer,A,earlier
b0002cf3-d689-4a82-9b3c-6d82e25a5714,2,b,0,2,refer,A,earlier
b0002cf3-d689-4a82-9b3c-6d82e25a5714,2,b,1,4,refer,K,later
b0002cf3-d689-4a82-9b3c-6d82e25a5714,2,b,2,1,refer,G,later
b0002cf3-d689-4a82-9b3c-6d82e25a5714,2,b,0,4,social,I,earlier
b0002cf3-d689-4a82-9b3c-6d82e25a5714,2,b,4,4,social,I,later
b0002cf3-d689-4a82-9b3c-6d82e25a5714,2,b,3,8,refer,E,earlier
b0002cf3-d689-4a82-9b3c-6d82e25a5714,2,b,1,4,social,C,earlier
b0002cf3-d689-4a82-9b3c-6d82e25a5714,2,b,2,16,social,K,earlier
b0002cf3-d689-4a82-9b3c-6d82e25a5714,2,b,2,16,refer,K,earlier
b0002cf3-d689-4a82-9b3c-6d82e25a5714,2,b,0,16,social,I,earlier
b0002cf3-d689-4a82-9b3c-6d82e25a5714,2,b,1,1,refer,I,later
b0002cf3-d689-4a82-9b3c-6d82e25a5714,2,b,1,0,social,K,later
b0002cf3-d689-4a82-9b3c-6d82e25a5714,2,b,1,8,social,G,earlier
b0002cf3-d689-4a82-9b3c-6d82e25a5714,2,b,4,0,refer,K,later
b0002cf3-d689-4a82-9b3c-6d82e25a5714,2,b,3,1,social,K,later
b0002cf3-d689-4a82-9b3c-6d82e25a5714,2,b,4,2,refer,C,later
b0002cf3-d689-4a82-9b3c-6d82e25a5714,2,b,3,16,refer,I,earlier
b0002cf3-d689-4a82-9b3c-6d82e25a5714,2,b,1,1,refer,A,later
b0002cf3-d689-4a82-9b3c-6d82e25a5714,2,b,1,0,refer,I,later
b0002cf3-d689-4a82-9b3c-6d82e25a5714,2,b,1,16,social,C,earlier
b0002cf3-d689-4a82-9b3c-6d82e25a5714,2,b,4,8,social,G,earlier
b0002cf3-d689-4a82-9b3c-6d82e25a5714,2,b,1,2,social,A,earlier
b0002cf3-d689-4a82-9b3c-6d82e25a5714,2,b,4,1,social,A,later
b0002cf3-d689-4a82-9b3c-6d82e25a5714,2,b,0,8,social,A,earlier
b0002cf3-d689-4a82-9b3c-6d82e25a5714,2,b,2,4,refer,C,earlier
b0002cf3-d689-4a82-9b3c-6d82e25a5714,2,b,4,4,social,G,earlier
607abd76-4f56-44c2-8a56-a399c6f356d0,2,b,3,4,social,G,earlier
607abd76-4f56-44c2-8a56-a399c6f356d0,2,b,2,2,social,G,earlier
607abd76-4f56-44c2-8a56-a399c6f356d0,2,b,2,4,refer,E,later
607abd76-4f56-44c2-8a56-a399c6f356d0,2,b,0,2,refer,A,earlier
607abd76-4f56-44c2-8a56-a399c6f356d0,2,b,4,2,social,A,later
607abd76-4f56-44c2-8a56-a399c6f356d0,2,b,0,4,social,C,later
607abd76-4f56-44c2-8a56-a399c6f356d0,2,b,1,2,refer,E,later
607abd76-4f56-44c2-8a56-a399c6f356d0,2,b,4,1,social,G,earlier
607abd76-4f56-44c2-8a56-a399c6f356d0,2,b,0,8,social,K,earlier
607abd76-4f56-44c2-8a56-a399c6f356d0,2,b,1,16,social,A,later
607abd76-4f56-44c2-8a56-a399c6f356d0,2,b,3,0,social,I,later
607abd76-4f56-44c2-8a56-a399c6f356d0,2,b,0,4,refer,K,earlier
607abd76-4f56-44c2-8a56-a399c6f356d0,2,b,2,8,refer,E,later
607abd76-4f56-44c2-8a56-a399c6f356d0,2,b,2,0,refer,C,earlier
607abd76-4f56-44c2-8a56-a399c6f356d0,2,b,3,4,social,E,later
607abd76-4f56-44c2-8a56-a399c6f356d0,2,b,2,0,refer,C,earlier
607abd76-4f56-44c2-8a56-a399c6f356d0,2,b,2,1,social,A,later
607abd76-4f56-44c2-8a56-a399c6f356d0,2,b,4,0,social,I,later
607abd76-4f56-44c2-8a56-a399c6f356d0,2,b,1,1,refer,I,later
607abd76-4f56-44c2-8a56-a399c6f356d0,2,b,3,16,refer,K,earlier
607abd76-4f56-44c2-8a56-a399c6f356d0,2,b,2,4,refer,I,later
607abd76-4f56-44c2-8a56-a399c6f356d0,2,b,4,4,social,K,later
607abd76-4f56-44c2-8a56-a399c6f356d0,2,b,2,16,refer,I,earlier
607abd76-4f56-44c2-8a56-a399c6f356d0,2,b,3,2,refer,K,later
607abd76-4f56-44c2-8a56-a399c6f356d0,2,b,4,0,social,C,later
607abd76-4f56-44c2-8a56-a399c6f356d0,2,b,2,16,social,G,earlier
607abd76-4f56-44c2-8a56-a399c6f356d0,2,b,1,8,social,C,later
607abd76-4f56-44c2-8a56-a399c6f356d0,2,b,4,0,social,I,later
607abd76-4f56-44c2-8a56-a399c6f356d0,2,b,0,1,social,E,later
607abd76-4f56-44c2-8a56-a399c6f356d0,2,b,4,8,social,A,later
607abd76-4f56-44c2-8a56-a399c6f356d0,2,b,1,2,social,K,later
607abd76-4f56-44c2-8a56-a399c6f356d0,2,b,1,16,refer,G,earlier
607abd76-4f56-44c2-8a56-a399c6f356d0,2,b,4,1,social,G,earlier
607abd76-4f56-44c2-8a56-a399c6f356d0,2,b,4,8,social,C,later
607abd76-4f56-44c2-8a56-a399c6f356d0,2,b,1,4,social,C,earlier
607abd76-4f56-44c2-8a56-a399c6f356d0,2,b,2,1,refer,E,later
607abd76-4f56-44c2-8a56-a399c6f356d0,2,b,1,4,social,E,later
607abd76-4f56-44c2-8a56-a399c6f356d0,2,b,3,8,refer,G,earlier
607abd76-4f56-44c2-8a56-a399c6f356d0,2,b,0,16,refer,A,earlier
607abd76-4f56-44c2-8a56-a399c6f356d0,2,b,0,2,refer,I,earlier
607abd76-4f56-44c2-8a56-a399c6f356d0,2,b,3,1,refer,A,later
607abd76-4f56-44c2-8a56-a399c6f356d0,2,b,3,0,social,I,later
607abd76-4f56-44c2-8a56-a399c6f356d0,2,b,0,1,social,K,later
607abd76-4f56-44c2-8a56-a399c6f356d0,2,b,2,2,social,A,later
607abd76-4f56-44c2-8a56-a399c6f356d0,2,b,3,16,refer,C,earlier
607abd76-4f56-44c2-8a56-a399c6f356d0,2,b,0,8,refer,G,earlier
607abd76-4f56-44c2-8a56-a399c6f356d0,2,b,1,0,refer,K,earlier
607abd76-4f56-44c2-8a56-a399c6f356d0,2,b,4,0,refer,K,later
607abd76-4f56-44c2-8a56-a399c6f356d0,2,b,3,8,refer,G,earlier
607abd76-4f56-44c2-8a56-a399c6f356d0,2,b,3,2,social,E,later
607abd76-4f56-44c2-8a56-a399c6f356d0,2,b,2,8,refer,A,earlier
607abd76-4f56-44c2-8a56-a399c6f356d0,2,b,3,1,social,K,later
607abd76-4f56-44c2-8a56-a399c6f356d0,2,b,0,16,refer,E,earlier
607abd76-4f56-44c2-8a56-a399c6f356d0,2,b,4,4,refer,I,earlier
607abd76-4f56-44c2-8a56-a399c6f356d0,2,b,1,8,refer,E,later
607abd76-4f56-44c2-8a56-a399c6f356d0,2,b,4,2,refer,C,later
607abd76-4f56-44c2-8a56-a399c6f356d0,2,b,4,16,refer,C,later
607abd76-4f56-44c2-8a56-a399c6f356d0,2,b,1,0,social,G,earlier
607abd76-4f56-44c2-8a56-a399c6f356d0,2,b,4,16,refer,I,later
607abd76-4f56-44c2-8a56-a399c6f356d0,2,b,1,1,social,A,later
63e201c6-f6af-49e7-b874-ac7459c710e4,2,a,1,2,social,E,earlier
63e201c6-f6af-49e7-b874-ac7459c710e4,2,a,1,0,refer,C,later
63e201c6-f6af-49e7-b874-ac7459c710e4,2,a,3,16,refer,K,earlier
63e201c6-f6af-49e7-b874-ac7459c710e4,2,a,4,16,social,G,earlier
63e201c6-f6af-49e7-b874-ac7459c710e4,2,a,3,16,refer,E,earlier
63e201c6-f6af-49e7-b874-ac7459c710e4,2,a,2,8,refer,G,earlier
63e201c6-f6af-49e7-b874-ac7459c710e4,2,a,2,4,refer,K,earlier
63e201c6-f6af-49e7-b874-ac7459c710e4,2,a,2,16,social,A,earlier
63e201c6-f6af-49e7-b874-ac7459c710e4,2,a,2,2,social,K,earlier
63e201c6-f6af-49e7-b874-ac7459c710e4,2,a,2,8,refer,E,earlier
63e201c6-f6af-49e7-b874-ac7459c710e4,2,a,0,2,refer,G,earlier
63e201c6-f6af-49e7-b874-ac7459c710e4,2,a,4,0,refer,A,later
63e201c6-f6af-49e7-b874-ac7459c710e4,2,a,4,4,social,C,earlier
63e201c6-f6af-49e7-b874-ac7459c710e4,2,a,0,1,refer,G,earlier
63e201c6-f6af-49e7-b874-ac7459c710e4,2,a,1,4,refer,A,earlier
63e201c6-f6af-49e7-b874-ac7459c710e4,2,a,1,8,refer,K,earlier
63e201c6-f6af-49e7-b874-ac7459c710e4,2,a,4,1,refer,A,later
63e201c6-f6af-49e7-b874-ac7459c710e4,2,a,0,16,refer,A,earlier
63e201c6-f6af-49e7-b874-ac7459c710e4,2,a,0,8,social,I,earlier
63e201c6-f6af-49e7-b874-ac7459c710e4,2,a,2,16,social,C,earlier
63e201c6-f6af-49e7-b874-ac7459c710e4,2,a,1,16,social,K,earlier
63e201c6-f6af-49e7-b874-ac7459c710e4,2,a,1,8,social,A,earlier
63e201c6-f6af-49e7-b874-ac7459c710e4,2,a,4,0,social,C,later
63e201c6-f6af-49e7-b874-ac7459c710e4,2,a,4,2,refer,K,later
63e201c6-f6af-49e7-b874-ac7459c710e4,2,a,4,8,refer,C,earlier
63e201c6-f6af-49e7-b874-ac7459c710e4,2,a,3,4,social,G,earlier
63e201c6-f6af-49e7-b874-ac7459c710e4,2,a,1,1,social,E,earlier
63e201c6-f6af-49e7-b874-ac7459c710e4,2,a,0,1,social,G,earlier
63e201c6-f6af-49e7-b874-ac7459c710e4,2,a,3,8,refer,A,earlier
63e201c6-f6af-49e7-b874-ac7459c710e4,2,a,3,2,social,I,earlier
63e201c6-f6af-49e7-b874-ac7459c710e4,2,a,2,0,refer,K,later
63e201c6-f6af-49e7-b874-ac7459c710e4,2,a,4,0,refer,I,later
63e201c6-f6af-49e7-b874-ac7459c710e4,2,a,3,1,refer,K,later
63e201c6-f6af-49e7-b874-ac7459c710e4,2,a,0,2,social,K,earlier
63e201c6-f6af-49e7-b874-ac7459c710e4,2,a,3,0,social,I,later
63e201c6-f6af-49e7-b874-ac7459c710e4,2,a,4,0,social,G,later
63e201c6-f6af-49e7-b874-ac7459c710e4,2,a,4,8,social,E,earlier
63e201c6-f6af-49e7-b874-ac7459c710e4,2,a,1,0,social,C,later
63e201c6-f6af-49e7-b874-ac7459c710e4,2,a,0,4,social,E,earlier
63e201c6-f6af-49e7-b874-ac7459c710e4,2,a,2,2,refer,E,earlier
63e201c6-f6af-49e7-b874-ac7459c710e4,2,a,4,4,social,C,earlier
63e201c6-f6af-49e7-b874-ac7459c710e4,2,a,4,1,social,C,later
63e201c6-f6af-49e7-b874-ac7459c710e4,2,a,4,2,refer,I,earlier
63e201c6-f6af-49e7-b874-ac7459c710e4,2,a,2,1,refer,I,later
63e201c6-f6af-49e7-b874-ac7459c710e4,2,a,0,8,social,G,earlier
63e201c6-f6af-49e7-b874-ac7459c710e4,2,a,1,2,social,A,earlier
63e201c6-f6af-49e7-b874-ac7459c710e4,2,a,3,1,social,A,later
63e201c6-f6af-49e7-b874-ac7459c710e4,2,a,2,1,refer,I,later
63e201c6-f6af-49e7-b874-ac7459c710e4,2,a,3,8,refer,I,earlier
63e201c6-f6af-49e7-b874-ac7459c710e4,2,a,4,16,social,E,later
63e201c6-f6af-49e7-b874-ac7459c710e4,2,a,0,16,social,I,later
63e201c6-f6af-49e7-b874-ac7459c710e4,2,a,2,0,refer,I,later
63e201c6-f6af-49e7-b874-ac7459c710e4,2,a,0,4,social,C,later
63e201c6-f6af-49e7-b874-ac7459c710e4,2,a,1,16,social,E,later
63e201c6-f6af-49e7-b874-ac7459c710e4,2,a,1,4,refer,A,earlier
63e201c6-f6af-49e7-b874-ac7459c710e4,2,a,1,1,refer,C,earlier
63e201c6-f6af-49e7-b874-ac7459c710e4,2,a,3,0,refer,G,earlier
63e201c6-f6af-49e7-b874-ac7459c710e4,2,a,3,4,refer,E,earlier
63e201c6-f6af-49e7-b874-ac7459c710e4,2,a,3,2,refer,G,earlier
63e201c6-f6af-49e7-b874-ac7459c710e4,2,a,2,4,social,K,later
398844f1-c488-45fc-be6b-e6018e985324,2,a,0,4,social,K,earlier
398844f1-c488-45fc-be6b-e6018e985324,2,a,2,1,social,G,earlier
398844f1-c488-45fc-be6b-e6018e985324,2,a,1,8,refer,K,earlier
398844f1-c488-45fc-be6b-e6018e985324,2,a,0,16,refer,A,earlier
398844f1-c488-45fc-be6b-e6018e985324,2,a,1,8,social,A,later
398844f1-c488-45fc-be6b-e6018e985324,2,a,1,1,refer,A,earlier
398844f1-c488-45fc-be6b-e6018e985324,2,a,4,4,refer,I,earlier
398844f1-c488-45fc-be6b-e6018e985324,2,a,1,0,social,A,later
398844f1-c488-45fc-be6b-e6018e985324,2,a,2,16,social,G,later
398844f1-c488-45fc-be6b-e6018e985324,2,a,2,16,refer,A,earlier
398844f1-c488-45fc-be6b-e6018e985324,2,a,3,0,refer,A,later
398844f1-c488-45fc-be6b-e6018e985324,2,a,4,16,social,G,later
398844f1-c488-45fc-be6b-e6018e985324,2,a,4,0,social,G,later
398844f1-c488-45fc-be6b-e6018e985324,2,a,1,4,refer,K,earlier
398844f1-c488-45fc-be6b-e6018e985324,2,a,4,0,refer,K,earlier
398844f1-c488-45fc-be6b-e6018e985324,2,a,4,8,social,G,later
398844f1-c488-45fc-be6b-e6018e985324,2,a,2,4,social,E,later
398844f1-c488-45fc-be6b-e6018e985324,2,a,1,2,social,E,later
398844f1-c488-45fc-be6b-e6018e985324,2,a,3,1,refer,I,earlier
398844f1-c488-45fc-be6b-e6018e985324,2,a,1,0,social,C,later
398844f1-c488-45fc-be6b-e6018e985324,2,a,0,2,social,I,later
398844f1-c488-45fc-be6b-e6018e985324,2,a,1,4,refer,K,earlier
398844f1-c488-45fc-be6b-e6018e985324,2,a,4,2,refer,G,earlier
398844f1-c488-45fc-be6b-e6018e985324,2,a,0,1,refer,G,earlier
398844f1-c488-45fc-be6b-e6018e985324,2,a,4,8,refer,A,earlier
398844f1-c488-45fc-be6b-e6018e985324,2,a,2,2,social,I,later
398844f1-c488-45fc-be6b-e6018e985324,2,a,2,0,refer,I,later
398844f1-c488-45fc-be6b-e6018e985324,2,a,3,2,refer,I,earlier
398844f1-c488-45fc-be6b-e6018e985324,2,a,2,8,social,C,later
398844f1-c488-45fc-be6b-e6018e985324,2,a,4,4,refer,C,earlier
398844f1-c488-45fc-be6b-e6018e985324,2,a,2,0,refer,I,later
398844f1-c488-45fc-be6b-e6018e985324,2,a,3,4,social,E,later
398844f1-c488-45fc-be6b-e6018e985324,2,a,3,8,refer,I,earlier
398844f1-c488-45fc-be6b-e6018e985324,2,a,0,8,refer,I,earlier
398844f1-c488-45fc-be6b-e6018e985324,2,a,4,1,social,C,later
398844f1-c488-45fc-be6b-e6018e985324,2,a,3,8,social,G,later
398844f1-c488-45fc-be6b-e6018e985324,2,a,0,2,refer,K,earlier
398844f1-c488-45fc-be6b-e6018e985324,2,a,4,16,refer,C,earlier
398844f1-c488-45fc-be6b-e6018e985324,2,a,0,16,social,E,earlier
398844f1-c488-45fc-be6b-e6018e985324,2,a,1,16,refer,E,earlier
398844f1-c488-45fc-be6b-e6018e985324,2,a,2,4,social,K,earlier
398844f1-c488-45fc-be6b-e6018e985324,2,a,4,0,refer,G,later
398844f1-c488-45fc-be6b-e6018e985324,2,a,3,2,refer,E,earlier
398844f1-c488-45fc-be6b-e6018e985324,2,a,4,0,refer,K,earlier
398844f1-c488-45fc-be6b-e6018e985324,2,a,3,4,social,I,later
398844f1-c488-45fc-be6b-e6018e985324,2,a,0,4,social,C,later
398844f1-c488-45fc-be6b-e6018e985324,2,a,3,16,social,C,later
398844f1-c488-45fc-be6b-e6018e985324,2,a,1,16,refer,K,earlier
398844f1-c488-45fc-be6b-e6018e985324,2,a,0,1,social,K,earlier
398844f1-c488-45fc-be6b-e6018e985324,2,a,4,2,social,C,later
398844f1-c488-45fc-be6b-e6018e985324,2,a,3,1,social,E,later
398844f1-c488-45fc-be6b-e6018e985324,2,a,3,16,refer,E,earlier
398844f1-c488-45fc-be6b-e6018e985324,2,a,4,1,refer,A,earlier
398844f1-c488-45fc-be6b-e6018e985324,2,a,2,2,social,G,later
398844f1-c488-45fc-be6b-e6018e985324,2,a,3,0,refer,C,earlier
398844f1-c488-45fc-be6b-e6018e985324,2,a,0,8,social,E,later
398844f1-c488-45fc-be6b-e6018e985324,2,a,1,1,social,E,later
398844f1-c488-45fc-be6b-e6018e985324,2,a,1,2,social,C,earlier
398844f1-c488-45fc-be6b-e6018e985324,2,a,2,1,social,A,later
398844f1-c488-45fc-be6b-e6018e985324,2,a,2,8,refer,A,earlier
ae421633-6059-46e8-901f-4c1fdc00148e,2,b,1,1,refer,I,earlier
ae421633-6059-46e8-901f-4c1fdc00148e,2,b,4,0,refer,K,later
ae421633-6059-46e8-901f-4c1fdc00148e,2,b,4,4,refer,I,earlier
ae421633-6059-46e8-901f-4c1fdc00148e,2,b,1,16,refer,E,earlier
ae421633-6059-46e8-901f-4c1fdc00148e,2,b,4,0,refer,I,later
ae421633-6059-46e8-901f-4c1fdc00148e,2,b,3,2,social,E,earlier
ae421633-6059-46e8-901f-4c1fdc00148e,2,b,1,4,refer,I,earlier
ae421633-6059-46e8-901f-4c1fdc00148e,2,b,1,0,social,E,later
ae421633-6059-46e8-901f-4c1fdc00148e,2,b,4,16,social,K,earlier
ae421633-6059-46e8-901f-4c1fdc00148e,2,b,1,2,refer,G,earlier
ae421633-6059-46e8-901f-4c1fdc00148e,2,b,3,0,refer,C,later
ae421633-6059-46e8-901f-4c1fdc00148e,2,b,4,2,social,C,later
ae421633-6059-46e8-901f-4c1fdc00148e,2,b,2,8,social,E,earlier
ae421633-6059-46e8-901f-4c1fdc00148e,2,b,2,4,refer,E,earlier
ae421633-6059-46e8-901f-4c1fdc00148e,2,b,2,4,social,E,earlier
ae421633-6059-46e8-901f-4c1fdc00148e,2,b,1,0,social,E,later
ae421633-6059-46e8-901f-4c1fdc00148e,2,b,4,0,social,G,earlier
ae421633-6059-46e8-901f-4c1fdc00148e,2,b,1,2,social,A,earlier
ae421633-6059-46e8-901f-4c1fdc00148e,2,b,3,1,social,C,earlier
ae421633-6059-46e8-901f-4c1fdc00148e,2,b,2,1,social,K,earlier
ae421633-6059-46e8-901f-4c1fdc00148e,2,b,2,16,social,K,earlier
ae421633-6059-46e8-901f-4c1fdc00148e,2,b,0,2,refer,I,earlier
ae421633-6059-46e8-901f-4c1fdc00148e,2,b,4,4,refer,G,earlier
ae421633-6059-46e8-901f-4c1fdc00148e,2,b,2,8,social,E,earlier
ae421633-6059-46e8-901f-4c1fdc00148e,2,b,0,2,social,C,earlier
ae421633-6059-46e8-901f-4c1fdc00148e,2,b,2,1,refer,G,earlier
ae421633-6059-46e8-901f-4c1fdc00148e,2,b,4,8,social,K,earlier
ae421633-6059-46e8-901f-4c1fdc00148e,2,b,0,4,refer,C,earlier
ae421633-6059-46e8-901f-4c1fdc00148e,2,b,0,16,social,I,earlier
ae421633-6059-46e8-901f-4c1fdc00148e,2,b,2,0,refer,I,later
ae421633-6059-46e8-901f-4c1fdc00148e,2,b,3,8,social,G,earlier
ae421633-6059-46e8-901f-4c1fdc00148e,2,b,2,0,refer,A,later
ae421633-6059-46e8-901f-4c1fdc00148e,2,b,4,0,refer,C,later
ae421633-6059-46e8-901f-4c1fdc00148e,2,b,1,1,refer,G,earlier
ae421633-6059-46e8-901f-4c1fdc00148e,2,b,3,4,social,E,earlier
ae421633-6059-46e8-901f-4c1fdc00148e,2,b,2,16,refer,E,earlier
ae421633-6059-46e8-901f-4c1fdc00148e,2,b,0,8,refer,C,earlier
ae421633-6059-46e8-901f-4c1fdc00148e,2,b,3,8,refer,C,earlier
ae421633-6059-46e8-901f-4c1fdc00148e,2,b,4,1,social,K,later
ae421633-6059-46e8-901f-4c1fdc00148e,2,b,2,2,refer,K,earlier
ae421633-6059-46e8-901f-4c1fdc00148e,2,b,0,16,refer,A,earlier
ae421633-6059-46e8-901f-4c1fdc00148e,2,b,3,16,refer,A,earlier
ae421633-6059-46e8-901f-4c1fdc00148e,2,b,1,16,social,G,earlier
ae421633-6059-46e8-901f-4c1fdc00148e,2,b,0,4,social,A,earlier
ae421633-6059-46e8-901f-4c1fdc00148e,2,b,4,2,refer,A,later
ae421633-6059-46e8-901f-4c1fdc00148e,2,b,1,8,social,I,earlier
ae421633-6059-46e8-901f-4c1fdc00148e,2,b,1,8,refer,G,earlier
ae421633-6059-46e8-901f-4c1fdc00148e,2,b,3,16,social,A,earlier
ae421633-6059-46e8-901f-4c1fdc00148e,2,b,3,2,refer,K,earlier
ae421633-6059-46e8-901f-4c1fdc00148e,2,b,2,2,social,I,earlier
ae421633-6059-46e8-901f-4c1fdc00148e,2,b,4,8,refer,G,earlier
ae421633-6059-46e8-901f-4c1fdc00148e,2,b,0,8,refer,A,earlier
ae421633-6059-46e8-901f-4c1fdc00148e,2,b,3,0,social,G,later
ae421633-6059-46e8-901f-4c1fdc00148e,2,b,4,16,social,K,earlier
ae421633-6059-46e8-901f-4c1fdc00148e,2,b,0,1,social,C,earlier
ae421633-6059-46e8-901f-4c1fdc00148e,2,b,0,1,refer,I,earlier
ae421633-6059-46e8-901f-4c1fdc00148e,2,b,4,1,social,C,later
ae421633-6059-46e8-901f-4c1fdc00148e,2,b,3,1,refer,A,later
ae421633-6059-46e8-901f-4c1fdc00148e,2,b,3,4,social,K,earlier
ae421633-6059-46e8-901f-4c1fdc00148e,2,b,1,4,social,A,earlier
a2d97fc7-7177-43c4-a5b0-cfbedab645d0,2,a,1,8,social,A,earlier
a2d97fc7-7177-43c4-a5b0-cfbedab645d0,2,a,0,2,social,G,earlier
a2d97fc7-7177-43c4-a5b0-cfbedab645d0,2,a,3,4,refer,E,later
a2d97fc7-7177-43c4-a5b0-cfbedab645d0,2,a,1,16,social,E,earlier
a2d97fc7-7177-43c4-a5b0-cfbedab645d0,2,a,1,8,social,A,earlier
a2d97fc7-7177-43c4-a5b0-cfbedab645d0,2,a,2,0,refer,I,earlier
a2d97fc7-7177-43c4-a5b0-cfbedab645d0,2,a,3,1,social,I,later
a2d97fc7-7177-43c4-a5b0-cfbedab645d0,2,a,0,4,social,E,earlier
a2d97fc7-7177-43c4-a5b0-cfbedab645d0,2,a,4,16,social,G,earlier
a2d97fc7-7177-43c4-a5b0-cfbedab645d0,2,a,0,4,refer,C,earlier
a2d97fc7-7177-43c4-a5b0-cfbedab645d0,2,a,3,16,refer,G,earlier
a2d97fc7-7177-43c4-a5b0-cfbedab645d0,2,a,1,1,refer,E,earlier
a2d97fc7-7177-43c4-a5b0-cfbedab645d0,2,a,4,0,social,G,later
a2d97fc7-7177-43c4-a5b0-cfbedab645d0,2,a,4,4,social,I,earlier
a2d97fc7-7177-43c4-a5b0-cfbedab645d0,2,a,3,0,social,G,later
a2d97fc7-7177-43c4-a5b0-cfbedab645d0,2,a,3,8,social,E,earlier
a2d97fc7-7177-43c4-a5b0-cfbedab645d0,2,a,0,16,refer,I,earlier
a2d97fc7-7177-43c4-a5b0-cfbedab645d0,2,a,1,2,social,K,earlier
a2d97fc7-7177-43c4-a5b0-cfbedab645d0,2,a,4,2,refer,E,later
a2d97fc7-7177-43c4-a5b0-cfbedab645d0,2,a,4,0,social,K,earlier
a2d97fc7-7177-43c4-a5b0-cfbedab645d0,2,a,2,2,social,I,earlier
a2d97fc7-7177-43c4-a5b0-cfbedab645d0,2,a,4,2,refer,A,earlier
a2d97fc7-7177-43c4-a5b0-cfbedab645d0,2,a,2,0,refer,I,later
a2d97fc7-7177-43c4-a5b0-cfbedab645d0,2,a,2,4,refer,C,earlier
a2d97fc7-7177-43c4-a5b0-cfbedab645d0,2,a,2,2,refer,A,earlier
a2d97fc7-7177-43c4-a5b0-cfbedab645d0,2,a,1,4,refer,K,earlier
a2d97fc7-7177-43c4-a5b0-cfbedab645d0,2,a,2,8,refer,A,earlier
a2d97fc7-7177-43c4-a5b0-cfbedab645d0,2,a,4,8,refer,K,earlier
a2d97fc7-7177-43c4-a5b0-cfbedab645d0,2,a,1,2,social,K,earlier
a2d97fc7-7177-43c4-a5b0-cfbedab645d0,2,a,4,4,refer,A,earlier
a2d97fc7-7177-43c4-a5b0-cfbedab645d0,2,a,2,4,social,C,earlier
a2d97fc7-7177-43c4-a5b0-cfbedab645d0,2,a,2,16,social,E,earlier
a2d97fc7-7177-43c4-a5b0-cfbedab645d0,2,a,1,1,refer,C,earlier
a2d97fc7-7177-43c4-a5b0-cfbedab645d0,2,a,2,8,refer,K,earlier
a2d97fc7-7177-43c4-a5b0-cfbedab645d0,2,a,0,8,refer,G,earlier
a2d97fc7-7177-43c4-a5b0-cfbedab645d0,2,a,2,16,refer,G,earlier
a2d97fc7-7177-43c4-a5b0-cfbedab645d0,2,a,0,2,refer,C,earlier
a2d97fc7-7177-43c4-a5b0-cfbedab645d0,2,a,4,8,refer,C,earlier
a2d97fc7-7177-43c4-a5b0-cfbedab645d0,2,a,4,1,social,C,later
a2d97fc7-7177-43c4-a5b0-cfbedab645d0,2,a,0,1,social,C,earlier
a2d97fc7-7177-43c4-a5b0-cfbedab645d0,2,a,3,2,refer,E,later
a2d97fc7-7177-43c4-a5b0-cfbedab645d0,2,a,3,16,social,K,earlier
a2d97fc7-7177-43c4-a5b0-cfbedab645d0,2,a,2,1,social,A,earlier
a2d97fc7-7177-43c4-a5b0-cfbedab645d0,2,a,0,16,social,A,earlier
a2d97fc7-7177-43c4-a5b0-cfbedab645d0,2,a,3,1,refer,K,earlier
a2d97fc7-7177-43c4-a5b0-cfbedab645d0,2,a,1,0,refer,C,later
a2d97fc7-7177-43c4-a5b0-cfbedab645d0,2,a,4,0,social,I,later
a2d97fc7-7177-43c4-a5b0-cfbedab645d0,2,a,1,16,social,A,earlier
a2d97fc7-7177-43c4-a5b0-cfbedab645d0,2,a,0,1,refer,E,earlier
a2d97fc7-7177-43c4-a5b0-cfbedab645d0,2,a,3,0,social,K,later
a2d97fc7-7177-43c4-a5b0-cfbedab645d0,2,a,0,8,refer,I,earlier
a2d97fc7-7177-43c4-a5b0-cfbedab645d0,2,a,2,1,social,I,later
a2d97fc7-7177-43c4-a5b0-cfbedab645d0,2,a,3,8,social,C,earlier
a2d97fc7-7177-43c4-a5b0-cfbedab645d0,2,a,3,2,refer,G,earlier
a2d97fc7-7177-43c4-a5b0-cfbedab645d0,2,a,1,4,social,G,earlier
a2d97fc7-7177-43c4-a5b0-cfbedab645d0,2,a,1,0,social,G,later
a2d97fc7-7177-43c4-a5b0-cfbedab645d0,2,a,4,1,refer,I,later
a2d97fc7-7177-43c4-a5b0-cfbedab645d0,2,a,3,4,refer,K,earlier
a2d97fc7-7177-43c4-a5b0-cfbedab645d0,2,a,4,16,refer,E,earlier
a2d97fc7-7177-43c4-a5b0-cfbedab645d0,2,a,4,0,social,A,later
