subject_id,item_id,type,goal,audience,audience_group,option1.tangram,option1.shared,option1.group,option1.label,option2.tangram,option2.shared,option2.group,option2.label,response.tangram,response.shared,response.group,response.label,understood
1bba6bbf-ead7-4fd3-bd63-81821b1ca3ff,0,diff,social,one,blue,C,shared,blue,falling guy,A,unique,blue,zombie,C,shared,blue,falling guy,yes
1bba6bbf-ead7-4fd3-bd63-81821b1ca3ff,0,same,social,one,red,A,unique,red,thriller,A,unique,blue,zombie,A,unique,red,thriller,yes
1bba6bbf-ead7-4fd3-bd63-81821b1ca3ff,0,diff,social,one,blue,B,shared,blue,mouse,D,unique,blue,long sleeved book,D,unique,blue,long sleeved book,yes
1bba6bbf-ead7-4fd3-bd63-81821b1ca3ff,0,same,refer,both,,C,shared,,falling guy,C,,unseen,no legs,C,shared,,falling guy,yes
1bba6bbf-ead7-4fd3-bd63-81821b1ca3ff,0,diff,social,one,red,L,shared,red,zigzag,A,unique,red,thriller,A,unique,red,thriller,yes
1bba6bbf-ead7-4fd3-bd63-81821b1ca3ff,0,diff,refer,both,,C,shared,red,falling guy,H,unique,red,baby,C,shared,red,falling guy,yes
1bba6bbf-ead7-4fd3-bd63-81821b1ca3ff,0,diff,refer,both,,L,shared,blue,zigzag,D,unique,blue,long sleeved book,L,shared,blue,zigzag,yes
1bba6bbf-ead7-4fd3-bd63-81821b1ca3ff,0,diff,refer,both,,B,shared,blue,mouse,D,unique,blue,long sleeved book,D,unique,blue,long sleeved book,yes
1bba6bbf-ead7-4fd3-bd63-81821b1ca3ff,0,diff,social,one,blue,C,shared,blue,falling guy,H,unique,blue,no arms,C,shared,blue,falling guy,yes
1bba6bbf-ead7-4fd3-bd63-81821b1ca3ff,0,diff,refer,one,red,B,shared,red,mouse,D,unique,red,priest,D,unique,red,priest,yes
1bba6bbf-ead7-4fd3-bd63-81821b1ca3ff,0,diff,social,one,blue,L,shared,blue,zigzag,H,unique,blue,no arms,L,shared,blue,zigzag,yes
1bba6bbf-ead7-4fd3-bd63-81821b1ca3ff,0,same,refer,one,red,L,shared,,zigzag,L,,unseen,bent knees,L,shared,,zigzag,yes
1bba6bbf-ead7-4fd3-bd63-81821b1ca3ff,0,diff,refer,one,blue,L,shared,blue,zigzag,H,unique,blue,no arms,L,shared,blue,zigzag,yes
1bba6bbf-ead7-4fd3-bd63-81821b1ca3ff,0,same,social,one,blue,H,unique,red,baby,H,unique,blue,no arms,H,unique,blue,no arms,yes
1bba6bbf-ead7-4fd3-bd63-81821b1ca3ff,0,diff,refer,both,,C,shared,blue,falling guy,A,unique,blue,zombie,C,shared,blue,falling guy,yes
1bba6bbf-ead7-4fd3-bd63-81821b1ca3ff,0,diff,refer,both,,C,shared,blue,falling guy,H,unique,blue,no arms,C,shared,blue,falling guy,yes
1bba6bbf-ead7-4fd3-bd63-81821b1ca3ff,0,diff,social,one,red,C,shared,red,falling guy,D,unique,red,priest,C,shared,red,falling guy,yes
1bba6bbf-ead7-4fd3-bd63-81821b1ca3ff,0,diff,refer,both,,B,shared,red,mouse,A,unique,red,thriller,A,unique,red,thriller,yes
1bba6bbf-ead7-4fd3-bd63-81821b1ca3ff,0,same,social,one,red,H,unique,red,baby,H,unique,blue,no arms,H,unique,red,baby,yes
1bba6bbf-ead7-4fd3-bd63-81821b1ca3ff,0,diff,refer,one,red,B,shared,red,mouse,A,unique,red,thriller,A,unique,red,thriller,yes
1bba6bbf-ead7-4fd3-bd63-81821b1ca3ff,0,diff,social,one,blue,B,shared,blue,mouse,A,unique,blue,zombie,B,shared,blue,mouse,yes
1bba6bbf-ead7-4fd3-bd63-81821b1ca3ff,0,same,refer,one,red,B,shared,,mouse,B,,unseen,princess dance,B,shared,,mouse,yes
1bba6bbf-ead7-4fd3-bd63-81821b1ca3ff,0,same,social,one,blue,D,unique,red,priest,D,unique,blue,long sleeved book,D,unique,blue,long sleeved book,yes
1bba6bbf-ead7-4fd3-bd63-81821b1ca3ff,0,diff,refer,both,,L,shared,blue,zigzag,A,unique,blue,zombie,L,shared,blue,zigzag,yes
1bba6bbf-ead7-4fd3-bd63-81821b1ca3ff,0,diff,refer,both,,L,shared,red,zigzag,A,unique,red,thriller,L,shared,red,zigzag,yes
1bba6bbf-ead7-4fd3-bd63-81821b1ca3ff,0,diff,refer,one,blue,C,shared,blue,falling guy,D,unique,blue,long sleeved book,C,shared,blue,falling guy,yes
1bba6bbf-ead7-4fd3-bd63-81821b1ca3ff,0,same,social,one,red,D,unique,red,priest,D,unique,blue,long sleeved book,D,unique,red,priest,yes
1bba6bbf-ead7-4fd3-bd63-81821b1ca3ff,0,same,social,one,blue,A,unique,red,thriller,A,unique,blue,zombie,A,unique,red,thriller,yes
1bba6bbf-ead7-4fd3-bd63-81821b1ca3ff,0,diff,social,one,red,C,shared,red,falling guy,H,unique,red,baby,H,unique,red,baby,yes
1bba6bbf-ead7-4fd3-bd63-81821b1ca3ff,0,diff,refer,one,blue,B,shared,blue,mouse,H,unique,blue,no arms,B,shared,blue,mouse,yes
1bba6bbf-ead7-4fd3-bd63-81821b1ca3ff,0,diff,social,one,blue,B,shared,blue,mouse,H,unique,blue,no arms,B,shared,blue,mouse,yes
1bba6bbf-ead7-4fd3-bd63-81821b1ca3ff,0,same,refer,one,blue,B,shared,,mouse,B,,unseen,princess dance,B,shared,,mouse,yes
1bba6bbf-ead7-4fd3-bd63-81821b1ca3ff,0,diff,social,one,red,B,shared,red,mouse,A,unique,red,thriller,A,unique,red,thriller,yes
1bba6bbf-ead7-4fd3-bd63-81821b1ca3ff,0,diff,refer,one,blue,L,shared,blue,zigzag,A,unique,blue,zombie,L,shared,blue,zigzag,yes
1bba6bbf-ead7-4fd3-bd63-81821b1ca3ff,0,diff,refer,one,red,L,shared,red,zigzag,H,unique,red,baby,H,unique,red,baby,yes
1bba6bbf-ead7-4fd3-bd63-81821b1ca3ff,0,diff,social,one,red,B,shared,red,mouse,D,unique,red,priest,D,unique,red,priest,yes
1bba6bbf-ead7-4fd3-bd63-81821b1ca3ff,0,diff,refer,one,red,L,shared,red,zigzag,A,unique,red,thriller,A,unique,red,thriller,yes
1bba6bbf-ead7-4fd3-bd63-81821b1ca3ff,0,diff,refer,one,blue,C,shared,blue,falling guy,A,unique,blue,zombie,C,shared,blue,falling guy,yes
1bba6bbf-ead7-4fd3-bd63-81821b1ca3ff,0,diff,refer,both,,L,shared,red,zigzag,D,unique,red,priest,L,shared,red,zigzag,yes
1bba6bbf-ead7-4fd3-bd63-81821b1ca3ff,0,diff,refer,one,red,L,shared,red,zigzag,D,unique,red,priest,D,unique,red,priest,yes
1bba6bbf-ead7-4fd3-bd63-81821b1ca3ff,0,diff,refer,both,,B,shared,blue,mouse,H,unique,blue,no arms,H,unique,blue,no arms,yes
1bba6bbf-ead7-4fd3-bd63-81821b1ca3ff,0,same,refer,both,,B,shared,,mouse,B,,unseen,princess dance,B,shared,,mouse,yes
1bba6bbf-ead7-4fd3-bd63-81821b1ca3ff,0,same,refer,one,blue,C,shared,,falling guy,C,,unseen,no legs,C,shared,,falling guy,yes
1bba6bbf-ead7-4fd3-bd63-81821b1ca3ff,0,diff,social,one,red,B,shared,red,mouse,H,unique,red,baby,H,unique,red,baby,yes
1bba6bbf-ead7-4fd3-bd63-81821b1ca3ff,0,same,refer,one,red,C,shared,,falling guy,C,,unseen,no legs,C,shared,,falling guy,yes
1bba6bbf-ead7-4fd3-bd63-81821b1ca3ff,0,diff,social,one,blue,C,shared,blue,falling guy,D,unique,blue,long sleeved book,C,shared,blue,falling guy,yes
1bba6bbf-ead7-4fd3-bd63-81821b1ca3ff,0,diff,refer,one,blue,B,shared,blue,mouse,A,unique,blue,zombie,B,shared,blue,mouse,yes
1bba6bbf-ead7-4fd3-bd63-81821b1ca3ff,0,diff,social,one,blue,L,shared,blue,zigzag,D,unique,blue,long sleeved book,L,shared,blue,zigzag,yes
1bba6bbf-ead7-4fd3-bd63-81821b1ca3ff,0,diff,social,one,red,L,shared,red,zigzag,D,unique,red,priest,D,unique,red,priest,yes
1bba6bbf-ead7-4fd3-bd63-81821b1ca3ff,0,diff,refer,one,blue,C,shared,blue,falling guy,H,unique,blue,no arms,C,shared,blue,falling guy,yes
1bba6bbf-ead7-4fd3-bd63-81821b1ca3ff,0,diff,social,one,red,L,shared,red,zigzag,H,unique,red,baby,H,unique,red,baby,yes
1bba6bbf-ead7-4fd3-bd63-81821b1ca3ff,0,diff,refer,both,,C,shared,red,falling guy,D,unique,red,priest,C,shared,red,falling guy,yes
1bba6bbf-ead7-4fd3-bd63-81821b1ca3ff,0,diff,refer,one,red,B,shared,red,mouse,H,unique,red,baby,H,unique,red,baby,yes
1bba6bbf-ead7-4fd3-bd63-81821b1ca3ff,0,diff,refer,both,,L,shared,blue,zigzag,H,unique,blue,no arms,L,shared,blue,zigzag,yes
1bba6bbf-ead7-4fd3-bd63-81821b1ca3ff,0,diff,refer,both,,C,shared,blue,falling guy,D,unique,blue,long sleeved book,C,shared,blue,falling guy,yes
1bba6bbf-ead7-4fd3-bd63-81821b1ca3ff,0,diff,social,one,red,C,shared,red,falling guy,A,unique,red,thriller,C,shared,red,falling guy,yes
1bba6bbf-ead7-4fd3-bd63-81821b1ca3ff,0,diff,refer,one,red,C,shared,red,falling guy,A,unique,red,thriller,C,shared,red,falling guy,yes
1bba6bbf-ead7-4fd3-bd63-81821b1ca3ff,0,diff,social,one,blue,L,shared,blue,zigzag,A,unique,blue,zombie,L,shared,blue,zigzag,yes
1bba6bbf-ead7-4fd3-bd63-81821b1ca3ff,0,same,refer,both,,L,shared,,zigzag,L,,unseen,bent knees,L,,unseen,bent knees,yes
1bba6bbf-ead7-4fd3-bd63-81821b1ca3ff,0,diff,refer,both,,B,shared,red,mouse,D,unique,red,priest,D,unique,red,priest,yes
1bba6bbf-ead7-4fd3-bd63-81821b1ca3ff,0,diff,refer,both,,C,shared,red,falling guy,A,unique,red,thriller,C,shared,red,falling guy,yes
1bba6bbf-ead7-4fd3-bd63-81821b1ca3ff,0,diff,refer,both,,B,shared,blue,mouse,A,unique,blue,zombie,B,shared,blue,mouse,yes
1bba6bbf-ead7-4fd3-bd63-81821b1ca3ff,0,same,refer,one,blue,L,shared,,zigzag,L,,unseen,bent knees,L,shared,,zigzag,yes
1bba6bbf-ead7-4fd3-bd63-81821b1ca3ff,0,diff,refer,one,blue,B,shared,blue,mouse,D,unique,blue,long sleeved book,B,shared,blue,mouse,yes
1bba6bbf-ead7-4fd3-bd63-81821b1ca3ff,0,diff,refer,one,blue,L,shared,blue,zigzag,D,unique,blue,long sleeved book,L,shared,blue,zigzag,yes
1bba6bbf-ead7-4fd3-bd63-81821b1ca3ff,0,diff,refer,one,red,C,shared,red,falling guy,D,unique,red,priest,C,shared,red,falling guy,yes
1bba6bbf-ead7-4fd3-bd63-81821b1ca3ff,0,diff,refer,one,red,C,shared,red,falling guy,H,unique,red,baby,C,shared,red,falling guy,yes
1bba6bbf-ead7-4fd3-bd63-81821b1ca3ff,0,diff,refer,both,,L,shared,red,zigzag,H,unique,red,baby,L,shared,red,zigzag,yes
1bba6bbf-ead7-4fd3-bd63-81821b1ca3ff,0,diff,refer,both,,B,shared,red,mouse,H,unique,red,baby,B,shared,red,mouse,yes
48eb1b05-3103-4036-935b-f718bd271232,0,diff,social,one,blue,L,shared,blue,zigzag,H,unique,blue,no arms,L,shared,blue,zigzag,yes
48eb1b05-3103-4036-935b-f718bd271232,0,diff,refer,one,red,B,shared,red,mouse,H,unique,red,baby,H,unique,red,baby,yes
48eb1b05-3103-4036-935b-f718bd271232,0,same,social,one,blue,H,unique,red,baby,H,unique,blue,no arms,H,unique,blue,no arms,yes
48eb1b05-3103-4036-935b-f718bd271232,0,same,refer,one,red,L,shared,,zigzag,L,,unseen,bent knees,L,shared,,zigzag,yes
48eb1b05-3103-4036-935b-f718bd271232,0,diff,refer,both,,C,shared,red,falling guy,H,unique,red,baby,C,shared,red,falling guy,yes
48eb1b05-3103-4036-935b-f718bd271232,0,diff,refer,both,,L,shared,red,zigzag,A,unique,red,thriller,A,unique,red,thriller,yes
48eb1b05-3103-4036-935b-f718bd271232,0,diff,social,one,blue,L,shared,blue,zigzag,D,unique,blue,long sleeved book,D,unique,blue,long sleeved book,yes
48eb1b05-3103-4036-935b-f718bd271232,0,diff,refer,both,,B,shared,red,mouse,A,unique,red,thriller,B,shared,red,mouse,yes
48eb1b05-3103-4036-935b-f718bd271232,0,diff,refer,both,,L,shared,red,zigzag,H,unique,red,baby,H,unique,red,baby,yes
48eb1b05-3103-4036-935b-f718bd271232,0,diff,social,one,blue,B,shared,blue,mouse,A,unique,blue,zombie,A,unique,blue,zombie,yes
48eb1b05-3103-4036-935b-f718bd271232,0,diff,refer,one,blue,L,shared,blue,zigzag,A,unique,blue,zombie,A,unique,blue,zombie,yes
48eb1b05-3103-4036-935b-f718bd271232,0,diff,refer,both,,B,shared,red,mouse,D,unique,red,priest,B,shared,red,mouse,yes
48eb1b05-3103-4036-935b-f718bd271232,0,diff,social,one,red,L,shared,red,zigzag,D,unique,red,priest,L,shared,red,zigzag,yes
48eb1b05-3103-4036-935b-f718bd271232,0,same,social,one,blue,D,unique,red,priest,D,unique,blue,long sleeved book,D,unique,blue,long sleeved book,yes
48eb1b05-3103-4036-935b-f718bd271232,0,same,refer,one,red,B,shared,,mouse,B,,unseen,princess dance,B,shared,,mouse,yes
48eb1b05-3103-4036-935b-f718bd271232,0,diff,refer,one,blue,B,shared,blue,mouse,A,unique,blue,zombie,A,unique,blue,zombie,yes
48eb1b05-3103-4036-935b-f718bd271232,0,same,refer,both,,C,shared,,falling guy,C,,unseen,no legs,C,shared,,falling guy,yes
48eb1b05-3103-4036-935b-f718bd271232,0,diff,social,one,blue,B,shared,blue,mouse,H,unique,blue,no arms,B,shared,blue,mouse,yes
48eb1b05-3103-4036-935b-f718bd271232,0,diff,refer,both,,C,shared,blue,falling guy,A,unique,blue,zombie,C,shared,blue,falling guy,yes
48eb1b05-3103-4036-935b-f718bd271232,0,diff,refer,both,,B,shared,blue,mouse,A,unique,blue,zombie,B,shared,blue,mouse,yes
48eb1b05-3103-4036-935b-f718bd271232,0,diff,refer,both,,C,shared,red,falling guy,D,unique,red,priest,C,shared,red,falling guy,yes
48eb1b05-3103-4036-935b-f718bd271232,0,diff,refer,both,,C,shared,red,falling guy,A,unique,red,thriller,C,shared,red,falling guy,yes
48eb1b05-3103-4036-935b-f718bd271232,0,same,refer,one,red,C,shared,,falling guy,C,,unseen,no legs,C,,unseen,no legs,yes
48eb1b05-3103-4036-935b-f718bd271232,0,diff,refer,both,,L,shared,blue,zigzag,A,unique,blue,zombie,L,shared,blue,zigzag,yes
48eb1b05-3103-4036-935b-f718bd271232,0,same,social,one,red,A,unique,red,thriller,A,unique,blue,zombie,A,unique,red,thriller,yes
48eb1b05-3103-4036-935b-f718bd271232,0,diff,refer,one,blue,B,shared,blue,mouse,H,unique,blue,no arms,H,unique,blue,no arms,yes
48eb1b05-3103-4036-935b-f718bd271232,0,diff,refer,one,red,B,shared,red,mouse,D,unique,red,priest,B,shared,red,mouse,yes
48eb1b05-3103-4036-935b-f718bd271232,0,diff,refer,one,blue,B,shared,blue,mouse,D,unique,blue,long sleeved book,D,unique,blue,long sleeved book,yes
48eb1b05-3103-4036-935b-f718bd271232,0,diff,refer,one,red,C,shared,red,falling guy,D,unique,red,priest,C,shared,red,falling guy,yes
48eb1b05-3103-4036-935b-f718bd271232,0,same,social,one,blue,A,unique,red,thriller,A,unique,blue,zombie,A,unique,blue,zombie,yes
48eb1b05-3103-4036-935b-f718bd271232,0,diff,refer,both,,L,shared,blue,zigzag,H,unique,blue,no arms,H,unique,blue,no arms,yes
48eb1b05-3103-4036-935b-f718bd271232,0,diff,social,one,red,B,shared,red,mouse,H,unique,red,baby,H,unique,red,baby,yes
48eb1b05-3103-4036-935b-f718bd271232,0,diff,social,one,blue,L,shared,blue,zigzag,A,unique,blue,zombie,A,unique,blue,zombie,yes
48eb1b05-3103-4036-935b-f718bd271232,0,same,refer,both,,L,shared,,zigzag,L,,unseen,bent knees,L,shared,,zigzag,yes
48eb1b05-3103-4036-935b-f718bd271232,0,same,refer,one,blue,B,shared,,mouse,B,,unseen,princess dance,B,shared,,mouse,yes
48eb1b05-3103-4036-935b-f718bd271232,0,diff,social,one,red,C,shared,red,falling guy,A,unique,red,thriller,A,unique,red,thriller,yes
48eb1b05-3103-4036-935b-f718bd271232,0,diff,refer,both,,B,shared,blue,mouse,D,unique,blue,long sleeved book,B,shared,blue,mouse,yes
48eb1b05-3103-4036-935b-f718bd271232,0,same,refer,both,,B,shared,,mouse,B,,unseen,princess dance,B,shared,,mouse,yes
48eb1b05-3103-4036-935b-f718bd271232,0,diff,social,one,blue,C,shared,blue,falling guy,A,unique,blue,zombie,C,shared,blue,falling guy,yes
48eb1b05-3103-4036-935b-f718bd271232,0,diff,refer,one,red,L,shared,red,zigzag,H,unique,red,baby,H,unique,red,baby,yes
48eb1b05-3103-4036-935b-f718bd271232,0,diff,social,one,blue,B,shared,blue,mouse,D,unique,blue,long sleeved book,D,unique,blue,long sleeved book,yes
48eb1b05-3103-4036-935b-f718bd271232,0,diff,refer,both,,B,shared,red,mouse,H,unique,red,baby,H,unique,red,baby,yes
48eb1b05-3103-4036-935b-f718bd271232,0,diff,refer,one,red,C,shared,red,falling guy,A,unique,red,thriller,A,unique,red,thriller,yes
48eb1b05-3103-4036-935b-f718bd271232,0,diff,refer,one,red,L,shared,red,zigzag,A,unique,red,thriller,A,unique,red,thriller,yes
48eb1b05-3103-4036-935b-f718bd271232,0,diff,refer,both,,L,shared,red,zigzag,D,unique,red,priest,L,shared,red,zigzag,yes
48eb1b05-3103-4036-935b-f718bd271232,0,diff,social,one,red,B,shared,red,mouse,D,unique,red,priest,B,shared,red,mouse,yes
48eb1b05-3103-4036-935b-f718bd271232,0,diff,refer,one,red,L,shared,red,zigzag,D,unique,red,priest,L,shared,red,zigzag,yes
48eb1b05-3103-4036-935b-f718bd271232,0,same,social,one,red,D,unique,red,priest,D,unique,blue,long sleeved book,D,unique,red,priest,yes
48eb1b05-3103-4036-935b-f718bd271232,0,diff,refer,one,blue,C,shared,blue,falling guy,D,unique,blue,long sleeved book,C,shared,blue,falling guy,yes
48eb1b05-3103-4036-935b-f718bd271232,0,diff,refer,one,blue,C,shared,blue,falling guy,A,unique,blue,zombie,C,shared,blue,falling guy,yes
48eb1b05-3103-4036-935b-f718bd271232,0,diff,refer,one,red,C,shared,red,falling guy,H,unique,red,baby,H,unique,red,baby,yes
48eb1b05-3103-4036-935b-f718bd271232,0,diff,social,one,red,B,shared,red,mouse,A,unique,red,thriller,A,unique,red,thriller,yes
48eb1b05-3103-4036-935b-f718bd271232,0,diff,social,one,blue,C,shared,blue,falling guy,H,unique,blue,no arms,C,shared,blue,falling guy,yes
48eb1b05-3103-4036-935b-f718bd271232,0,diff,refer,one,blue,L,shared,blue,zigzag,D,unique,blue,long sleeved book,L,shared,blue,zigzag,yes
48eb1b05-3103-4036-935b-f718bd271232,0,diff,social,one,red,C,shared,red,falling guy,H,unique,red,baby,H,unique,red,baby,yes
48eb1b05-3103-4036-935b-f718bd271232,0,diff,refer,both,,C,shared,blue,falling guy,H,unique,blue,no arms,C,shared,blue,falling guy,yes
48eb1b05-3103-4036-935b-f718bd271232,0,diff,social,one,red,L,shared,red,zigzag,H,unique,red,baby,H,unique,red,baby,yes
48eb1b05-3103-4036-935b-f718bd271232,0,diff,refer,one,blue,C,shared,blue,falling guy,H,unique,blue,no arms,C,shared,blue,falling guy,yes
48eb1b05-3103-4036-935b-f718bd271232,0,diff,refer,both,,C,shared,blue,falling guy,D,unique,blue,long sleeved book,C,shared,blue,falling guy,yes
48eb1b05-3103-4036-935b-f718bd271232,0,diff,social,one,red,C,shared,red,falling guy,D,unique,red,priest,C,shared,red,falling guy,yes
48eb1b05-3103-4036-935b-f718bd271232,0,diff,social,one,blue,C,shared,blue,falling guy,D,unique,blue,long sleeved book,D,unique,blue,long sleeved book,yes
48eb1b05-3103-4036-935b-f718bd271232,0,diff,social,one,red,L,shared,red,zigzag,A,unique,red,thriller,A,unique,red,thriller,yes
48eb1b05-3103-4036-935b-f718bd271232,0,diff,refer,both,,L,shared,blue,zigzag,D,unique,blue,long sleeved book,L,shared,blue,zigzag,yes
48eb1b05-3103-4036-935b-f718bd271232,0,diff,refer,both,,B,shared,blue,mouse,H,unique,blue,no arms,B,shared,blue,mouse,yes
48eb1b05-3103-4036-935b-f718bd271232,0,diff,refer,one,red,B,shared,red,mouse,A,unique,red,thriller,A,unique,red,thriller,yes
48eb1b05-3103-4036-935b-f718bd271232,0,same,refer,one,blue,C,shared,,falling guy,C,,unseen,no legs,C,shared,,falling guy,yes
48eb1b05-3103-4036-935b-f718bd271232,0,diff,refer,one,blue,L,shared,blue,zigzag,H,unique,blue,no arms,H,unique,blue,no arms,yes
48eb1b05-3103-4036-935b-f718bd271232,0,same,social,one,red,H,unique,red,baby,H,unique,blue,no arms,H,unique,red,baby,yes
48eb1b05-3103-4036-935b-f718bd271232,0,same,refer,one,blue,L,shared,,zigzag,L,,unseen,bent knees,L,shared,,zigzag,yes
880baee9-a018-4950-a708-af2afa73d64d,0,same,refer,both,,B,shared,,mouse,B,,unseen,princess dance,B,shared,,mouse,yes
880baee9-a018-4950-a708-af2afa73d64d,0,diff,refer,one,blue,C,shared,blue,falling guy,H,unique,blue,no arms,C,shared,blue,falling guy,yes
880baee9-a018-4950-a708-af2afa73d64d,0,same,social,one,red,H,unique,red,baby,H,unique,blue,no arms,H,unique,red,baby,yes
880baee9-a018-4950-a708-af2afa73d64d,0,diff,social,one,red,L,shared,red,zigzag,A,unique,red,thriller,A,unique,red,thriller,yes
880baee9-a018-4950-a708-af2afa73d64d,0,diff,social,one,blue,C,shared,blue,falling guy,H,unique,blue,no arms,H,unique,blue,no arms,yes
880baee9-a018-4950-a708-af2afa73d64d,0,diff,refer,one,blue,L,shared,blue,zigzag,D,unique,blue,long sleeved book,L,shared,blue,zigzag,yes
880baee9-a018-4950-a708-af2afa73d64d,0,same,social,one,red,A,unique,red,thriller,A,unique,blue,zombie,A,unique,red,thriller,yes
880baee9-a018-4950-a708-af2afa73d64d,0,diff,refer,both,,L,shared,red,zigzag,H,unique,red,baby,L,shared,red,zigzag,yes
880baee9-a018-4950-a708-af2afa73d64d,0,same,refer,one,blue,L,shared,,zigzag,L,,unseen,bent knees,L,shared,,zigzag,yes
880baee9-a018-4950-a708-af2afa73d64d,0,same,refer,one,red,C,shared,,falling guy,C,,unseen,no legs,C,shared,,falling guy,yes
880baee9-a018-4950-a708-af2afa73d64d,0,diff,social,one,blue,B,shared,blue,mouse,H,unique,blue,no arms,B,shared,blue,mouse,yes
880baee9-a018-4950-a708-af2afa73d64d,0,diff,refer,both,,C,shared,red,falling guy,H,unique,red,baby,C,shared,red,falling guy,yes
880baee9-a018-4950-a708-af2afa73d64d,0,diff,refer,both,,B,shared,blue,mouse,D,unique,blue,long sleeved book,D,unique,blue,long sleeved book,yes
880baee9-a018-4950-a708-af2afa73d64d,0,diff,social,one,red,C,shared,red,falling guy,A,unique,red,thriller,A,unique,red,thriller,yes
880baee9-a018-4950-a708-af2afa73d64d,0,diff,refer,one,blue,C,shared,blue,falling guy,D,unique,blue,long sleeved book,C,shared,blue,falling guy,yes
880baee9-a018-4950-a708-af2afa73d64d,0,diff,refer,one,blue,B,shared,blue,mouse,H,unique,blue,no arms,B,shared,blue,mouse,yes
880baee9-a018-4950-a708-af2afa73d64d,0,same,social,one,blue,D,unique,red,priest,D,unique,blue,long sleeved book,D,unique,blue,long sleeved book,yes
880baee9-a018-4950-a708-af2afa73d64d,0,diff,social,one,red,L,shared,red,zigzag,H,unique,red,baby,H,unique,red,baby,yes
880baee9-a018-4950-a708-af2afa73d64d,0,diff,social,one,red,B,shared,red,mouse,D,unique,red,priest,D,unique,red,priest,yes
880baee9-a018-4950-a708-af2afa73d64d,0,diff,social,one,blue,L,shared,blue,zigzag,A,unique,blue,zombie,A,unique,blue,zombie,yes
880baee9-a018-4950-a708-af2afa73d64d,0,diff,refer,one,red,L,shared,red,zigzag,H,unique,red,baby,H,unique,red,baby,yes
880baee9-a018-4950-a708-af2afa73d64d,0,diff,social,one,blue,B,shared,blue,mouse,D,unique,blue,long sleeved book,B,shared,blue,mouse,yes
880baee9-a018-4950-a708-af2afa73d64d,0,diff,refer,one,red,C,shared,red,falling guy,H,unique,red,baby,H,unique,red,baby,yes
880baee9-a018-4950-a708-af2afa73d64d,0,diff,refer,both,,L,shared,red,zigzag,D,unique,red,priest,L,shared,red,zigzag,yes
880baee9-a018-4950-a708-af2afa73d64d,0,diff,refer,one,red,C,shared,red,falling guy,D,unique,red,priest,D,unique,red,priest,yes
880baee9-a018-4950-a708-af2afa73d64d,0,same,social,one,blue,A,unique,red,thriller,A,unique,blue,zombie,A,unique,blue,zombie,yes
880baee9-a018-4950-a708-af2afa73d64d,0,diff,social,one,blue,C,shared,blue,falling guy,A,unique,blue,zombie,A,unique,blue,zombie,yes
880baee9-a018-4950-a708-af2afa73d64d,0,same,social,one,blue,H,unique,red,baby,H,unique,blue,no arms,H,unique,blue,no arms,yes
880baee9-a018-4950-a708-af2afa73d64d,0,diff,refer,both,,L,shared,blue,zigzag,H,unique,blue,no arms,L,shared,blue,zigzag,yes
880baee9-a018-4950-a708-af2afa73d64d,0,diff,refer,both,,B,shared,red,mouse,A,unique,red,thriller,A,unique,red,thriller,yes
880baee9-a018-4950-a708-af2afa73d64d,0,diff,social,one,red,C,shared,red,falling guy,D,unique,red,priest,D,unique,red,priest,yes
880baee9-a018-4950-a708-af2afa73d64d,0,diff,social,one,blue,B,shared,blue,mouse,A,unique,blue,zombie,B,shared,blue,mouse,yes
880baee9-a018-4950-a708-af2afa73d64d,0,same,refer,one,red,B,shared,,mouse,B,,unseen,princess dance,B,,unseen,princess dance,yes
880baee9-a018-4950-a708-af2afa73d64d,0,diff,refer,one,blue,C,shared,blue,falling guy,A,unique,blue,zombie,A,unique,blue,zombie,yes
880baee9-a018-4950-a708-af2afa73d64d,0,diff,refer,one,red,B,shared,red,mouse,A,unique,red,thriller,A,unique,red,thriller,yes
880baee9-a018-4950-a708-af2afa73d64d,0,diff,refer,one,red,B,shared,red,mouse,H,unique,red,baby,H,unique,red,baby,yes
880baee9-a018-4950-a708-af2afa73d64d,0,diff,refer,both,,B,shared,blue,mouse,H,unique,blue,no arms,H,unique,blue,no arms,yes
880baee9-a018-4950-a708-af2afa73d64d,0,same,refer,both,,C,shared,,falling guy,C,,unseen,no legs,C,shared,,falling guy,yes
880baee9-a018-4950-a708-af2afa73d64d,0,diff,refer,both,,L,shared,blue,zigzag,A,unique,blue,zombie,L,shared,blue,zigzag,yes
880baee9-a018-4950-a708-af2afa73d64d,0,diff,refer,one,red,L,shared,red,zigzag,A,unique,red,thriller,A,unique,red,thriller,yes
880baee9-a018-4950-a708-af2afa73d64d,0,diff,social,one,blue,L,shared,blue,zigzag,H,unique,blue,no arms,H,unique,blue,no arms,yes
880baee9-a018-4950-a708-af2afa73d64d,0,diff,refer,one,red,C,shared,red,falling guy,A,unique,red,thriller,A,unique,red,thriller,yes
880baee9-a018-4950-a708-af2afa73d64d,0,diff,refer,both,,B,shared,red,mouse,H,unique,red,baby,H,unique,red,baby,yes
880baee9-a018-4950-a708-af2afa73d64d,0,same,refer,both,,L,shared,,zigzag,L,,unseen,bent knees,L,shared,,zigzag,yes
880baee9-a018-4950-a708-af2afa73d64d,0,diff,refer,both,,B,shared,blue,mouse,A,unique,blue,zombie,A,unique,blue,zombie,yes
880baee9-a018-4950-a708-af2afa73d64d,0,same,refer,one,red,L,shared,,zigzag,L,,unseen,bent knees,L,,unseen,bent knees,yes
880baee9-a018-4950-a708-af2afa73d64d,0,diff,refer,both,,L,shared,blue,zigzag,D,unique,blue,long sleeved book,D,unique,blue,long sleeved book,yes
880baee9-a018-4950-a708-af2afa73d64d,0,diff,refer,both,,C,shared,red,falling guy,A,unique,red,thriller,C,shared,red,falling guy,yes
880baee9-a018-4950-a708-af2afa73d64d,0,diff,social,one,blue,C,shared,blue,falling guy,D,unique,blue,long sleeved book,D,unique,blue,long sleeved book,yes
880baee9-a018-4950-a708-af2afa73d64d,0,diff,refer,both,,C,shared,blue,falling guy,D,unique,blue,long sleeved book,C,shared,blue,falling guy,yes
880baee9-a018-4950-a708-af2afa73d64d,0,same,refer,one,blue,C,shared,,falling guy,C,,unseen,no legs,C,,unseen,no legs,yes
880baee9-a018-4950-a708-af2afa73d64d,0,diff,refer,both,,C,shared,blue,falling guy,A,unique,blue,zombie,C,shared,blue,falling guy,yes
880baee9-a018-4950-a708-af2afa73d64d,0,diff,refer,one,blue,B,shared,blue,mouse,D,unique,blue,long sleeved book,B,shared,blue,mouse,yes
880baee9-a018-4950-a708-af2afa73d64d,0,diff,refer,one,red,B,shared,red,mouse,D,unique,red,priest,D,unique,red,priest,yes
880baee9-a018-4950-a708-af2afa73d64d,0,diff,refer,one,blue,L,shared,blue,zigzag,H,unique,blue,no arms,L,shared,blue,zigzag,yes
880baee9-a018-4950-a708-af2afa73d64d,0,diff,refer,one,blue,B,shared,blue,mouse,A,unique,blue,zombie,A,unique,blue,zombie,yes
880baee9-a018-4950-a708-af2afa73d64d,0,diff,refer,both,,B,shared,red,mouse,D,unique,red,priest,D,unique,red,priest,yes
880baee9-a018-4950-a708-af2afa73d64d,0,diff,social,one,red,B,shared,red,mouse,A,unique,red,thriller,B,shared,red,mouse,yes
880baee9-a018-4950-a708-af2afa73d64d,0,same,refer,one,blue,B,shared,,mouse,B,,unseen,princess dance,B,shared,,mouse,yes
880baee9-a018-4950-a708-af2afa73d64d,0,diff,refer,one,red,L,shared,red,zigzag,D,unique,red,priest,D,unique,red,priest,yes
880baee9-a018-4950-a708-af2afa73d64d,0,same,social,one,red,D,unique,red,priest,D,unique,blue,long sleeved book,D,unique,red,priest,yes
880baee9-a018-4950-a708-af2afa73d64d,0,diff,refer,both,,C,shared,red,falling guy,D,unique,red,priest,C,shared,red,falling guy,yes
880baee9-a018-4950-a708-af2afa73d64d,0,diff,social,one,blue,L,shared,blue,zigzag,D,unique,blue,long sleeved book,D,unique,blue,long sleeved book,yes
880baee9-a018-4950-a708-af2afa73d64d,0,diff,social,one,red,L,shared,red,zigzag,D,unique,red,priest,D,unique,red,priest,yes
880baee9-a018-4950-a708-af2afa73d64d,0,diff,social,one,red,C,shared,red,falling guy,H,unique,red,baby,H,unique,red,baby,yes
880baee9-a018-4950-a708-af2afa73d64d,0,diff,social,one,red,B,shared,red,mouse,H,unique,red,baby,H,unique,red,baby,yes
880baee9-a018-4950-a708-af2afa73d64d,0,diff,refer,both,,C,shared,blue,falling guy,H,unique,blue,no arms,C,shared,blue,falling guy,yes
880baee9-a018-4950-a708-af2afa73d64d,0,diff,refer,one,blue,L,shared,blue,zigzag,A,unique,blue,zombie,A,unique,blue,zombie,yes
880baee9-a018-4950-a708-af2afa73d64d,0,diff,refer,both,,L,shared,red,zigzag,A,unique,red,thriller,L,shared,red,zigzag,yes
40ee3d03-1714-4049-ac24-c09181a56d03,0,diff,social,one,red,L,shared,red,zigzag,D,unique,red,priest,D,unique,red,priest,yes
40ee3d03-1714-4049-ac24-c09181a56d03,0,diff,refer,both,,B,shared,blue,mouse,D,unique,blue,long sleeved book,B,shared,blue,mouse,yes
40ee3d03-1714-4049-ac24-c09181a56d03,0,same,social,one,red,H,unique,red,baby,H,unique,blue,no arms,H,unique,red,baby,yes
40ee3d03-1714-4049-ac24-c09181a56d03,0,same,social,one,blue,H,unique,red,baby,H,unique,blue,no arms,H,unique,blue,no arms,yes
40ee3d03-1714-4049-ac24-c09181a56d03,0,diff,refer,both,,C,shared,blue,falling guy,A,unique,blue,zombie,C,shared,blue,falling guy,yes
40ee3d03-1714-4049-ac24-c09181a56d03,0,diff,refer,both,,L,shared,red,zigzag,H,unique,red,baby,L,shared,red,zigzag,yes
40ee3d03-1714-4049-ac24-c09181a56d03,0,diff,social,one,blue,C,shared,blue,falling guy,H,unique,blue,no arms,H,unique,blue,no arms,yes
40ee3d03-1714-4049-ac24-c09181a56d03,0,diff,refer,one,blue,B,shared,blue,mouse,H,unique,blue,no arms,H,unique,blue,no arms,yes
40ee3d03-1714-4049-ac24-c09181a56d03,0,diff,social,one,red,L,shared,red,zigzag,H,unique,red,baby,L,shared,red,zigzag,yes
40ee3d03-1714-4049-ac24-c09181a56d03,0,diff,refer,one,blue,L,shared,blue,zigzag,A,unique,blue,zombie,A,unique,blue,zombie,yes
40ee3d03-1714-4049-ac24-c09181a56d03,0,diff,social,one,blue,B,shared,blue,mouse,H,unique,blue,no arms,H,unique,blue,no arms,yes
40ee3d03-1714-4049-ac24-c09181a56d03,0,diff,social,one,blue,C,shared,blue,falling guy,A,unique,blue,zombie,A,unique,blue,zombie,yes
40ee3d03-1714-4049-ac24-c09181a56d03,0,diff,social,one,blue,L,shared,blue,zigzag,H,unique,blue,no arms,H,unique,blue,no arms,yes
40ee3d03-1714-4049-ac24-c09181a56d03,0,diff,social,one,blue,B,shared,blue,mouse,D,unique,blue,long sleeved book,D,unique,blue,long sleeved book,yes
40ee3d03-1714-4049-ac24-c09181a56d03,0,same,refer,both,,C,shared,,falling guy,C,,unseen,no legs,C,shared,,falling guy,yes
40ee3d03-1714-4049-ac24-c09181a56d03,0,diff,refer,one,blue,B,shared,blue,mouse,D,unique,blue,long sleeved book,D,unique,blue,long sleeved book,yes
40ee3d03-1714-4049-ac24-c09181a56d03,0,diff,refer,one,blue,C,shared,blue,falling guy,H,unique,blue,no arms,H,unique,blue,no arms,yes
40ee3d03-1714-4049-ac24-c09181a56d03,0,same,refer,one,blue,L,shared,,zigzag,L,,unseen,bent knees,L,shared,,zigzag,yes
40ee3d03-1714-4049-ac24-c09181a56d03,0,diff,social,one,red,B,shared,red,mouse,D,unique,red,priest,D,unique,red,priest,yes
40ee3d03-1714-4049-ac24-c09181a56d03,0,diff,refer,both,,L,shared,red,zigzag,A,unique,red,thriller,L,shared,red,zigzag,yes
40ee3d03-1714-4049-ac24-c09181a56d03,0,diff,refer,both,,C,shared,blue,falling guy,H,unique,blue,no arms,C,shared,blue,falling guy,yes
40ee3d03-1714-4049-ac24-c09181a56d03,0,diff,refer,one,red,B,shared,red,mouse,H,unique,red,baby,H,unique,red,baby,yes
40ee3d03-1714-4049-ac24-c09181a56d03,0,diff,refer,both,,C,shared,red,falling guy,D,unique,red,priest,C,shared,red,falling guy,yes
40ee3d03-1714-4049-ac24-c09181a56d03,0,diff,refer,both,,B,shared,red,mouse,A,unique,red,thriller,B,shared,red,mouse,yes
40ee3d03-1714-4049-ac24-c09181a56d03,0,diff,refer,one,blue,L,shared,blue,zigzag,H,unique,blue,no arms,H,unique,blue,no arms,yes
40ee3d03-1714-4049-ac24-c09181a56d03,0,same,refer,both,,L,shared,,zigzag,L,,unseen,bent knees,L,shared,,zigzag,yes
40ee3d03-1714-4049-ac24-c09181a56d03,0,diff,refer,one,red,B,shared,red,mouse,A,unique,red,thriller,B,shared,red,mouse,yes
40ee3d03-1714-4049-ac24-c09181a56d03,0,diff,social,one,red,C,shared,red,falling guy,A,unique,red,thriller,C,shared,red,falling guy,yes
40ee3d03-1714-4049-ac24-c09181a56d03,0,diff,refer,both,,B,shared,blue,mouse,A,unique,blue,zombie,B,shared,blue,mouse,yes
40ee3d03-1714-4049-ac24-c09181a56d03,0,diff,refer,one,blue,B,shared,blue,mouse,A,unique,blue,zombie,A,unique,blue,zombie,yes
40ee3d03-1714-4049-ac24-c09181a56d03,0,same,social,one,red,A,unique,red,thriller,A,unique,blue,zombie,A,unique,red,thriller,yes
40ee3d03-1714-4049-ac24-c09181a56d03,0,diff,refer,one,red,L,shared,red,zigzag,H,unique,red,baby,L,shared,red,zigzag,yes
40ee3d03-1714-4049-ac24-c09181a56d03,0,diff,refer,one,red,L,shared,red,zigzag,A,unique,red,thriller,L,shared,red,zigzag,yes
40ee3d03-1714-4049-ac24-c09181a56d03,0,diff,refer,one,red,C,shared,red,falling guy,H,unique,red,baby,C,shared,red,falling guy,yes
40ee3d03-1714-4049-ac24-c09181a56d03,0,diff,refer,both,,B,shared,blue,mouse,H,unique,blue,no arms,B,shared,blue,mouse,yes
40ee3d03-1714-4049-ac24-c09181a56d03,0,diff,refer,one,blue,C,shared,blue,falling guy,A,unique,blue,zombie,A,unique,blue,zombie,yes
40ee3d03-1714-4049-ac24-c09181a56d03,0,diff,refer,one,red,C,shared,red,falling guy,D,unique,red,priest,C,shared,red,falling guy,yes
40ee3d03-1714-4049-ac24-c09181a56d03,0,diff,refer,one,red,L,shared,red,zigzag,D,unique,red,priest,D,unique,red,priest,yes
40ee3d03-1714-4049-ac24-c09181a56d03,0,diff,refer,both,,C,shared,red,falling guy,A,unique,red,thriller,C,shared,red,falling guy,yes
40ee3d03-1714-4049-ac24-c09181a56d03,0,diff,refer,both,,L,shared,blue,zigzag,H,unique,blue,no arms,L,shared,blue,zigzag,yes
40ee3d03-1714-4049-ac24-c09181a56d03,0,same,refer,one,red,L,shared,,zigzag,L,,unseen,bent knees,L,shared,,zigzag,yes
40ee3d03-1714-4049-ac24-c09181a56d03,0,diff,refer,both,,C,shared,red,falling guy,H,unique,red,baby,C,shared,red,falling guy,yes
40ee3d03-1714-4049-ac24-c09181a56d03,0,diff,social,one,red,L,shared,red,zigzag,A,unique,red,thriller,L,shared,red,zigzag,yes
40ee3d03-1714-4049-ac24-c09181a56d03,0,diff,social,one,red,B,shared,red,mouse,A,unique,red,thriller,A,unique,red,thriller,yes
40ee3d03-1714-4049-ac24-c09181a56d03,0,diff,refer,both,,L,shared,blue,zigzag,D,unique,blue,long sleeved book,L,shared,blue,zigzag,yes
40ee3d03-1714-4049-ac24-c09181a56d03,0,same,social,one,red,D,unique,red,priest,D,unique,blue,long sleeved book,D,unique,red,priest,yes
40ee3d03-1714-4049-ac24-c09181a56d03,0,same,social,one,blue,D,unique,red,priest,D,unique,blue,long sleeved book,D,unique,blue,long sleeved book,yes
40ee3d03-1714-4049-ac24-c09181a56d03,0,diff,refer,one,blue,L,shared,blue,zigzag,D,unique,blue,long sleeved book,D,unique,blue,long sleeved book,yes
40ee3d03-1714-4049-ac24-c09181a56d03,0,diff,social,one,red,B,shared,red,mouse,H,unique,red,baby,H,unique,red,baby,yes
40ee3d03-1714-4049-ac24-c09181a56d03,0,diff,refer,both,,B,shared,red,mouse,H,unique,red,baby,B,shared,red,mouse,yes
40ee3d03-1714-4049-ac24-c09181a56d03,0,same,refer,one,red,C,shared,,falling guy,C,,unseen,no legs,C,shared,,falling guy,yes
40ee3d03-1714-4049-ac24-c09181a56d03,0,diff,refer,one,red,C,shared,red,falling guy,A,unique,red,thriller,C,shared,red,falling guy,yes
40ee3d03-1714-4049-ac24-c09181a56d03,0,diff,refer,one,blue,C,shared,blue,falling guy,D,unique,blue,long sleeved book,C,shared,blue,falling guy,yes
40ee3d03-1714-4049-ac24-c09181a56d03,0,diff,social,one,red,C,shared,red,falling guy,H,unique,red,baby,C,shared,red,falling guy,yes
40ee3d03-1714-4049-ac24-c09181a56d03,0,diff,social,one,red,C,shared,red,falling guy,D,unique,red,priest,D,unique,red,priest,yes
40ee3d03-1714-4049-ac24-c09181a56d03,0,diff,refer,both,,L,shared,red,zigzag,D,unique,red,priest,L,shared,red,zigzag,yes
40ee3d03-1714-4049-ac24-c09181a56d03,0,diff,refer,both,,L,shared,blue,zigzag,A,unique,blue,zombie,L,shared,blue,zigzag,yes
40ee3d03-1714-4049-ac24-c09181a56d03,0,diff,social,one,blue,B,shared,blue,mouse,A,unique,blue,zombie,A,unique,blue,zombie,yes
40ee3d03-1714-4049-ac24-c09181a56d03,0,same,refer,one,red,B,shared,,mouse,B,,unseen,princess dance,B,shared,,mouse,yes
40ee3d03-1714-4049-ac24-c09181a56d03,0,diff,refer,both,,C,shared,blue,falling guy,D,unique,blue,long sleeved book,C,shared,blue,falling guy,yes
40ee3d03-1714-4049-ac24-c09181a56d03,0,diff,social,one,blue,C,shared,blue,falling guy,D,unique,blue,long sleeved book,D,unique,blue,long sleeved book,yes
40ee3d03-1714-4049-ac24-c09181a56d03,0,diff,social,one,blue,L,shared,blue,zigzag,A,unique,blue,zombie,A,unique,blue,zombie,yes
40ee3d03-1714-4049-ac24-c09181a56d03,0,diff,social,one,blue,L,shared,blue,zigzag,D,unique,blue,long sleeved book,D,unique,blue,long sleeved book,yes
40ee3d03-1714-4049-ac24-c09181a56d03,0,same,refer,one,blue,C,shared,,falling guy,C,,unseen,no legs,C,,unseen,no legs,yes
40ee3d03-1714-4049-ac24-c09181a56d03,0,diff,refer,both,,B,shared,red,mouse,D,unique,red,priest,B,shared,red,mouse,yes
40ee3d03-1714-4049-ac24-c09181a56d03,0,same,social,one,blue,A,unique,red,thriller,A,unique,blue,zombie,A,unique,blue,zombie,yes
40ee3d03-1714-4049-ac24-c09181a56d03,0,same,refer,both,,B,shared,,mouse,B,,unseen,princess dance,B,shared,,mouse,yes
40ee3d03-1714-4049-ac24-c09181a56d03,0,diff,refer,one,red,B,shared,red,mouse,D,unique,red,priest,D,unique,red,priest,yes
40ee3d03-1714-4049-ac24-c09181a56d03,0,same,refer,one,blue,B,shared,,mouse,B,,unseen,princess dance,B,shared,,mouse,yes
11cf83c7-8b20-4e72-bd89-6a0b72c07c39,0,diff,refer,one,red,B,shared,red,mouse,A,unique,red,thriller,A,unique,red,thriller,yes
11cf83c7-8b20-4e72-bd89-6a0b72c07c39,0,diff,social,one,red,L,shared,red,zigzag,A,unique,red,thriller,A,unique,red,thriller,yes
11cf83c7-8b20-4e72-bd89-6a0b72c07c39,0,diff,social,one,blue,B,shared,blue,mouse,H,unique,blue,no arms,H,unique,blue,no arms,yes
11cf83c7-8b20-4e72-bd89-6a0b72c07c39,0,diff,refer,both,,B,shared,blue,mouse,D,unique,blue,long sleeved book,D,unique,blue,long sleeved book,yes
11cf83c7-8b20-4e72-bd89-6a0b72c07c39,0,diff,social,one,blue,L,shared,blue,zigzag,D,unique,blue,long sleeved book,D,unique,blue,long sleeved book,yes
11cf83c7-8b20-4e72-bd89-6a0b72c07c39,0,diff,refer,one,red,L,shared,red,zigzag,D,unique,red,priest,L,shared,red,zigzag,yes
11cf83c7-8b20-4e72-bd89-6a0b72c07c39,0,same,social,one,red,A,unique,red,thriller,A,unique,blue,zombie,A,unique,red,thriller,yes
11cf83c7-8b20-4e72-bd89-6a0b72c07c39,0,diff,social,one,red,B,shared,red,mouse,H,unique,red,baby,B,shared,red,mouse,yes
11cf83c7-8b20-4e72-bd89-6a0b72c07c39,0,diff,refer,one,blue,L,shared,blue,zigzag,D,unique,blue,long sleeved book,D,unique,blue,long sleeved book,yes
11cf83c7-8b20-4e72-bd89-6a0b72c07c39,0,diff,refer,both,,B,shared,blue,mouse,A,unique,blue,zombie,B,shared,blue,mouse,yes
11cf83c7-8b20-4e72-bd89-6a0b72c07c39,0,same,refer,one,red,B,shared,,mouse,B,,unseen,princess dance,B,shared,,mouse,yes
11cf83c7-8b20-4e72-bd89-6a0b72c07c39,0,diff,social,one,red,L,shared,red,zigzag,H,unique,red,baby,L,shared,red,zigzag,yes
11cf83c7-8b20-4e72-bd89-6a0b72c07c39,0,diff,social,one,red,L,shared,red,zigzag,D,unique,red,priest,L,shared,red,zigzag,yes
11cf83c7-8b20-4e72-bd89-6a0b72c07c39,0,diff,refer,one,blue,B,shared,blue,mouse,A,unique,blue,zombie,A,unique,blue,zombie,yes
11cf83c7-8b20-4e72-bd89-6a0b72c07c39,0,diff,refer,both,,C,shared,blue,falling guy,D,unique,blue,long sleeved book,C,shared,blue,falling guy,yes
11cf83c7-8b20-4e72-bd89-6a0b72c07c39,0,same,social,one,red,D,unique,red,priest,D,unique,blue,long sleeved book,D,unique,red,priest,yes
11cf83c7-8b20-4e72-bd89-6a0b72c07c39,0,diff,social,one,blue,B,shared,blue,mouse,A,unique,blue,zombie,A,unique,blue,zombie,yes
11cf83c7-8b20-4e72-bd89-6a0b72c07c39,0,diff,refer,both,,B,shared,red,mouse,H,unique,red,baby,H,unique,red,baby,yes
11cf83c7-8b20-4e72-bd89-6a0b72c07c39,0,diff,refer,one,red,C,shared,red,falling guy,A,unique,red,thriller,C,shared,red,falling guy,yes
11cf83c7-8b20-4e72-bd89-6a0b72c07c39,0,same,refer,both,,B,shared,,mouse,B,,unseen,princess dance,B,shared,,mouse,yes
11cf83c7-8b20-4e72-bd89-6a0b72c07c39,0,same,refer,both,,C,shared,,falling guy,C,,unseen,no legs,C,shared,,falling guy,yes
11cf83c7-8b20-4e72-bd89-6a0b72c07c39,0,diff,refer,both,,L,shared,blue,zigzag,H,unique,blue,no arms,H,unique,blue,no arms,yes
11cf83c7-8b20-4e72-bd89-6a0b72c07c39,0,same,refer,one,blue,B,shared,,mouse,B,,unseen,princess dance,B,shared,,mouse,yes
11cf83c7-8b20-4e72-bd89-6a0b72c07c39,0,diff,social,one,blue,C,shared,blue,falling guy,D,unique,blue,long sleeved book,C,shared,blue,falling guy,yes
11cf83c7-8b20-4e72-bd89-6a0b72c07c39,0,diff,refer,one,blue,L,shared,blue,zigzag,H,unique,blue,no arms,H,unique,blue,no arms,yes
11cf83c7-8b20-4e72-bd89-6a0b72c07c39,0,diff,refer,both,,C,shared,red,falling guy,H,unique,red,baby,C,shared,red,falling guy,yes
11cf83c7-8b20-4e72-bd89-6a0b72c07c39,0,diff,refer,one,red,B,shared,red,mouse,D,unique,red,priest,B,shared,red,mouse,yes
11cf83c7-8b20-4e72-bd89-6a0b72c07c39,0,diff,social,one,blue,C,shared,blue,falling guy,A,unique,blue,zombie,A,unique,blue,zombie,yes
11cf83c7-8b20-4e72-bd89-6a0b72c07c39,0,diff,refer,one,red,L,shared,red,zigzag,H,unique,red,baby,L,shared,red,zigzag,yes
11cf83c7-8b20-4e72-bd89-6a0b72c07c39,0,same,social,one,blue,D,unique,red,priest,D,unique,blue,long sleeved book,D,unique,blue,long sleeved book,yes
11cf83c7-8b20-4e72-bd89-6a0b72c07c39,0,diff,social,one,blue,L,shared,blue,zigzag,A,unique,blue,zombie,A,unique,blue,zombie,yes
11cf83c7-8b20-4e72-bd89-6a0b72c07c39,0,same,refer,one,blue,L,shared,,zigzag,L,,unseen,bent knees,L,shared,,zigzag,yes
11cf83c7-8b20-4e72-bd89-6a0b72c07c39,0,diff,refer,both,,B,shared,red,mouse,D,unique,red,priest,D,unique,red,priest,yes
11cf83c7-8b20-4e72-bd89-6a0b72c07c39,0,diff,social,one,red,C,shared,red,falling guy,H,unique,red,baby,H,unique,red,baby,yes
11cf83c7-8b20-4e72-bd89-6a0b72c07c39,0,diff,refer,both,,C,shared,blue,falling guy,H,unique,blue,no arms,C,shared,blue,falling guy,yes
11cf83c7-8b20-4e72-bd89-6a0b72c07c39,0,diff,refer,one,blue,C,shared,blue,falling guy,A,unique,blue,zombie,C,shared,blue,falling guy,yes
11cf83c7-8b20-4e72-bd89-6a0b72c07c39,0,diff,refer,both,,C,shared,red,falling guy,A,unique,red,thriller,C,shared,red,falling guy,yes
11cf83c7-8b20-4e72-bd89-6a0b72c07c39,0,diff,refer,one,blue,C,shared,blue,falling guy,H,unique,blue,no arms,C,shared,blue,falling guy,yes
11cf83c7-8b20-4e72-bd89-6a0b72c07c39,0,diff,refer,both,,L,shared,red,zigzag,D,unique,red,priest,L,shared,red,zigzag,yes
11cf83c7-8b20-4e72-bd89-6a0b72c07c39,0,diff,social,one,red,C,shared,red,falling guy,A,unique,red,thriller,A,unique,red,thriller,yes
11cf83c7-8b20-4e72-bd89-6a0b72c07c39,0,diff,refer,both,,B,shared,red,mouse,A,unique,red,thriller,B,shared,red,mouse,yes
11cf83c7-8b20-4e72-bd89-6a0b72c07c39,0,diff,refer,both,,C,shared,red,falling guy,D,unique,red,priest,C,shared,red,falling guy,yes
11cf83c7-8b20-4e72-bd89-6a0b72c07c39,0,diff,social,one,red,B,shared,red,mouse,D,unique,red,priest,D,unique,red,priest,yes
11cf83c7-8b20-4e72-bd89-6a0b72c07c39,0,diff,refer,both,,C,shared,blue,falling guy,A,unique,blue,zombie,C,shared,blue,falling guy,yes
11cf83c7-8b20-4e72-bd89-6a0b72c07c39,0,diff,social,one,blue,B,shared,blue,mouse,D,unique,blue,long sleeved book,D,unique,blue,long sleeved book,yes
11cf83c7-8b20-4e72-bd89-6a0b72c07c39,0,diff,social,one,blue,L,shared,blue,zigzag,H,unique,blue,no arms,H,unique,blue,no arms,yes
11cf83c7-8b20-4e72-bd89-6a0b72c07c39,0,diff,refer,one,blue,B,shared,blue,mouse,H,unique,blue,no arms,H,unique,blue,no arms,yes
11cf83c7-8b20-4e72-bd89-6a0b72c07c39,0,diff,social,one,blue,C,shared,blue,falling guy,H,unique,blue,no arms,H,unique,blue,no arms,yes
11cf83c7-8b20-4e72-bd89-6a0b72c07c39,0,diff,refer,one,blue,C,shared,blue,falling guy,D,unique,blue,long sleeved book,C,shared,blue,falling guy,yes
11cf83c7-8b20-4e72-bd89-6a0b72c07c39,0,same,refer,one,red,C,shared,,falling guy,C,,unseen,no legs,C,shared,,falling guy,yes
11cf83c7-8b20-4e72-bd89-6a0b72c07c39,0,same,social,one,blue,A,unique,red,thriller,A,unique,blue,zombie,A,unique,blue,zombie,yes
11cf83c7-8b20-4e72-bd89-6a0b72c07c39,0,same,refer,both,,L,shared,,zigzag,L,,unseen,bent knees,L,shared,,zigzag,yes
11cf83c7-8b20-4e72-bd89-6a0b72c07c39,0,diff,social,one,red,B,shared,red,mouse,A,unique,red,thriller,A,unique,red,thriller,yes
11cf83c7-8b20-4e72-bd89-6a0b72c07c39,0,diff,refer,one,blue,L,shared,blue,zigzag,A,unique,blue,zombie,L,shared,blue,zigzag,yes
11cf83c7-8b20-4e72-bd89-6a0b72c07c39,0,diff,refer,both,,L,shared,blue,zigzag,D,unique,blue,long sleeved book,D,unique,blue,long sleeved book,yes
11cf83c7-8b20-4e72-bd89-6a0b72c07c39,0,diff,refer,one,blue,B,shared,blue,mouse,D,unique,blue,long sleeved book,D,unique,blue,long sleeved book,yes
11cf83c7-8b20-4e72-bd89-6a0b72c07c39,0,diff,refer,both,,L,shared,red,zigzag,H,unique,red,baby,L,shared,red,zigzag,yes
11cf83c7-8b20-4e72-bd89-6a0b72c07c39,0,same,refer,one,blue,C,shared,,falling guy,C,,unseen,no legs,C,shared,,falling guy,yes
11cf83c7-8b20-4e72-bd89-6a0b72c07c39,0,diff,refer,one,red,C,shared,red,falling guy,D,unique,red,priest,C,shared,red,falling guy,yes
11cf83c7-8b20-4e72-bd89-6a0b72c07c39,0,same,social,one,blue,H,unique,red,baby,H,unique,blue,no arms,H,unique,blue,no arms,yes
11cf83c7-8b20-4e72-bd89-6a0b72c07c39,0,diff,refer,one,red,B,shared,red,mouse,H,unique,red,baby,H,unique,red,baby,yes
11cf83c7-8b20-4e72-bd89-6a0b72c07c39,0,diff,social,one,red,C,shared,red,falling guy,D,unique,red,priest,D,unique,red,priest,yes
11cf83c7-8b20-4e72-bd89-6a0b72c07c39,0,diff,refer,one,red,C,shared,red,falling guy,H,unique,red,baby,C,shared,red,falling guy,yes
11cf83c7-8b20-4e72-bd89-6a0b72c07c39,0,same,refer,one,red,L,shared,,zigzag,L,,unseen,bent knees,L,shared,,zigzag,yes
11cf83c7-8b20-4e72-bd89-6a0b72c07c39,0,diff,refer,one,red,L,shared,red,zigzag,A,unique,red,thriller,A,unique,red,thriller,yes
11cf83c7-8b20-4e72-bd89-6a0b72c07c39,0,same,social,one,red,H,unique,red,baby,H,unique,blue,no arms,H,unique,red,baby,yes
11cf83c7-8b20-4e72-bd89-6a0b72c07c39,0,diff,refer,both,,L,shared,red,zigzag,A,unique,red,thriller,L,shared,red,zigzag,yes
11cf83c7-8b20-4e72-bd89-6a0b72c07c39,0,diff,refer,both,,L,shared,blue,zigzag,A,unique,blue,zombie,L,shared,blue,zigzag,yes
11cf83c7-8b20-4e72-bd89-6a0b72c07c39,0,diff,refer,both,,B,shared,blue,mouse,H,unique,blue,no arms,B,shared,blue,mouse,yes
fd431dc3-076e-477b-964f-fb779f562d73,1,diff,social,one,blue,H,shared,blue,baby,B,unique,blue,princess dance,B,unique,blue,princess dance,yes
fd431dc3-076e-477b-964f-fb779f562d73,1,diff,refer,one,blue,D,shared,blue,priest,C,unique,blue,no legs,C,unique,blue,no legs,yes
fd431dc3-076e-477b-964f-fb779f562d73,1,same,refer,one,red,D,shared,,priest,D,,unseen,long sleeved book,D,shared,,priest,yes
fd431dc3-076e-477b-964f-fb779f562d73,1,diff,refer,one,blue,A,shared,blue,thriller,L,unique,blue,bent knees,A,shared,blue,thriller,yes
fd431dc3-076e-477b-964f-fb779f562d73,1,same,social,one,red,C,unique,red,falling guy,C,unique,blue,no legs,C,unique,red,falling guy,yes
fd431dc3-076e-477b-964f-fb779f562d73,1,same,refer,both,,D,shared,,priest,D,,unseen,long sleeved book,D,shared,,priest,yes
fd431dc3-076e-477b-964f-fb779f562d73,1,diff,refer,both,,D,shared,red,priest,C,unique,red,falling guy,C,unique,red,falling guy,yes
fd431dc3-076e-477b-964f-fb779f562d73,1,diff,refer,both,,D,shared,blue,priest,C,unique,blue,no legs,D,shared,blue,priest,yes
fd431dc3-076e-477b-964f-fb779f562d73,1,diff,social,one,blue,H,shared,blue,baby,L,unique,blue,bent knees,L,unique,blue,bent knees,yes
fd431dc3-076e-477b-964f-fb779f562d73,1,diff,refer,both,,A,shared,red,thriller,B,unique,red,mouse,A,shared,red,thriller,yes
fd431dc3-076e-477b-964f-fb779f562d73,1,diff,refer,both,,D,shared,blue,priest,B,unique,blue,princess dance,B,unique,blue,princess dance,yes
fd431dc3-076e-477b-964f-fb779f562d73,1,diff,social,one,blue,D,shared,blue,priest,C,unique,blue,no legs,C,unique,blue,no legs,yes
fd431dc3-076e-477b-964f-fb779f562d73,1,diff,refer,both,,D,shared,blue,priest,L,unique,blue,bent knees,L,unique,blue,bent knees,yes
fd431dc3-076e-477b-964f-fb779f562d73,1,diff,refer,both,,H,shared,blue,baby,L,unique,blue,bent knees,H,shared,blue,baby,yes
fd431dc3-076e-477b-964f-fb779f562d73,1,diff,refer,one,blue,A,shared,blue,thriller,C,unique,blue,no legs,A,shared,blue,thriller,yes
fd431dc3-076e-477b-964f-fb779f562d73,1,diff,refer,both,,D,shared,red,priest,L,unique,red,zigzag,D,shared,red,priest,yes
fd431dc3-076e-477b-964f-fb779f562d73,1,same,social,one,blue,C,unique,red,falling guy,C,unique,blue,no legs,C,unique,red,falling guy,yes
fd431dc3-076e-477b-964f-fb779f562d73,1,diff,social,one,blue,A,shared,blue,thriller,L,unique,blue,bent knees,A,shared,blue,thriller,yes
fd431dc3-076e-477b-964f-fb779f562d73,1,diff,refer,one,blue,H,shared,blue,baby,C,unique,blue,no legs,C,unique,blue,no legs,yes
fd431dc3-076e-477b-964f-fb779f562d73,1,diff,social,one,blue,D,shared,blue,priest,B,unique,blue,princess dance,B,unique,blue,princess dance,yes
fd431dc3-076e-477b-964f-fb779f562d73,1,diff,refer,both,,H,shared,red,baby,B,unique,red,mouse,H,shared,red,baby,yes
fd431dc3-076e-477b-964f-fb779f562d73,1,diff,refer,one,blue,D,shared,blue,priest,L,unique,blue,bent knees,D,shared,blue,priest,yes
fd431dc3-076e-477b-964f-fb779f562d73,1,diff,social,one,red,H,shared,red,baby,B,unique,red,mouse,H,shared,red,baby,yes
fd431dc3-076e-477b-964f-fb779f562d73,1,same,social,one,blue,L,unique,red,zigzag,L,unique,blue,bent knees,L,unique,red,zigzag,yes
fd431dc3-076e-477b-964f-fb779f562d73,1,diff,refer,one,red,A,shared,red,thriller,B,unique,red,mouse,A,shared,red,thriller,yes
fd431dc3-076e-477b-964f-fb779f562d73,1,diff,refer,both,,A,shared,red,thriller,C,unique,red,falling guy,A,shared,red,thriller,yes
fd431dc3-076e-477b-964f-fb779f562d73,1,same,refer,one,blue,D,shared,,priest,D,,unseen,long sleeved book,D,shared,,priest,yes
fd431dc3-076e-477b-964f-fb779f562d73,1,diff,social,one,red,D,shared,red,priest,B,unique,red,mouse,B,unique,red,mouse,yes
fd431dc3-076e-477b-964f-fb779f562d73,1,diff,social,one,red,H,shared,red,baby,L,unique,red,zigzag,H,shared,red,baby,yes
fd431dc3-076e-477b-964f-fb779f562d73,1,diff,social,one,red,D,shared,red,priest,C,unique,red,falling guy,D,shared,red,priest,yes
fd431dc3-076e-477b-964f-fb779f562d73,1,diff,refer,one,red,A,shared,red,thriller,L,unique,red,zigzag,A,shared,red,thriller,yes
fd431dc3-076e-477b-964f-fb779f562d73,1,same,social,one,red,L,unique,red,zigzag,L,unique,blue,bent knees,L,unique,red,zigzag,yes
fd431dc3-076e-477b-964f-fb779f562d73,1,diff,refer,both,,D,shared,red,priest,B,unique,red,mouse,D,shared,red,priest,yes
fd431dc3-076e-477b-964f-fb779f562d73,1,diff,refer,both,,H,shared,blue,baby,C,unique,blue,no legs,H,shared,blue,baby,yes
fd431dc3-076e-477b-964f-fb779f562d73,1,diff,refer,both,,A,shared,blue,thriller,C,unique,blue,no legs,A,shared,blue,thriller,yes
fd431dc3-076e-477b-964f-fb779f562d73,1,same,refer,one,blue,A,shared,,thriller,A,,unseen,zombie,A,shared,,thriller,yes
fd431dc3-076e-477b-964f-fb779f562d73,1,same,refer,one,red,A,shared,,thriller,A,,unseen,zombie,A,shared,,thriller,yes
fd431dc3-076e-477b-964f-fb779f562d73,1,diff,refer,both,,A,shared,blue,thriller,L,unique,blue,bent knees,A,shared,blue,thriller,yes
fd431dc3-076e-477b-964f-fb779f562d73,1,diff,refer,one,red,H,shared,red,baby,B,unique,red,mouse,H,shared,red,baby,yes
fd431dc3-076e-477b-964f-fb779f562d73,1,diff,refer,one,blue,H,shared,blue,baby,B,unique,blue,princess dance,B,unique,blue,princess dance,yes
fd431dc3-076e-477b-964f-fb779f562d73,1,diff,refer,one,blue,A,shared,blue,thriller,B,unique,blue,princess dance,A,shared,blue,thriller,yes
fd431dc3-076e-477b-964f-fb779f562d73,1,diff,refer,both,,H,shared,red,baby,L,unique,red,zigzag,H,shared,red,baby,yes
fd431dc3-076e-477b-964f-fb779f562d73,1,same,refer,both,,A,shared,,thriller,A,,unseen,zombie,A,shared,,thriller,yes
fd431dc3-076e-477b-964f-fb779f562d73,1,diff,social,one,red,D,shared,red,priest,L,unique,red,zigzag,L,unique,red,zigzag,yes
fd431dc3-076e-477b-964f-fb779f562d73,1,diff,refer,one,red,A,shared,red,thriller,C,unique,red,falling guy,A,shared,red,thriller,yes
fd431dc3-076e-477b-964f-fb779f562d73,1,diff,refer,one,red,D,shared,red,priest,B,unique,red,mouse,B,unique,red,mouse,yes
fd431dc3-076e-477b-964f-fb779f562d73,1,same,refer,one,red,H,shared,,baby,H,,unseen,no arms,H,shared,,baby,yes
fd431dc3-076e-477b-964f-fb779f562d73,1,diff,refer,one,blue,H,shared,blue,baby,L,unique,blue,bent knees,H,shared,blue,baby,yes
fd431dc3-076e-477b-964f-fb779f562d73,1,diff,social,one,blue,H,shared,blue,baby,C,unique,blue,no legs,C,unique,blue,no legs,yes
fd431dc3-076e-477b-964f-fb779f562d73,1,diff,refer,one,blue,D,shared,blue,priest,B,unique,blue,princess dance,D,shared,blue,priest,yes
fd431dc3-076e-477b-964f-fb779f562d73,1,diff,social,one,blue,A,shared,blue,thriller,C,unique,blue,no legs,A,shared,blue,thriller,yes
fd431dc3-076e-477b-964f-fb779f562d73,1,diff,refer,one,red,D,shared,red,priest,L,unique,red,zigzag,D,shared,red,priest,yes
fd431dc3-076e-477b-964f-fb779f562d73,1,diff,social,one,blue,D,shared,blue,priest,L,unique,blue,bent knees,D,shared,blue,priest,yes
fd431dc3-076e-477b-964f-fb779f562d73,1,same,refer,both,,H,shared,,baby,H,,unseen,no arms,H,shared,,baby,yes
fd431dc3-076e-477b-964f-fb779f562d73,1,diff,refer,both,,H,shared,red,baby,C,unique,red,falling guy,H,shared,red,baby,yes
fd431dc3-076e-477b-964f-fb779f562d73,1,same,refer,one,blue,H,shared,,baby,H,,unseen,no arms,H,shared,,baby,yes
fd431dc3-076e-477b-964f-fb779f562d73,1,diff,refer,both,,A,shared,red,thriller,L,unique,red,zigzag,A,shared,red,thriller,yes
fd431dc3-076e-477b-964f-fb779f562d73,1,same,social,one,blue,B,unique,red,mouse,B,unique,blue,princess dance,B,unique,blue,princess dance,yes
fd431dc3-076e-477b-964f-fb779f562d73,1,diff,social,one,red,A,shared,red,thriller,C,unique,red,falling guy,A,shared,red,thriller,yes
fd431dc3-076e-477b-964f-fb779f562d73,1,diff,refer,both,,H,shared,blue,baby,B,unique,blue,princess dance,H,shared,blue,baby,yes
fd431dc3-076e-477b-964f-fb779f562d73,1,diff,refer,one,red,H,shared,red,baby,C,unique,red,falling guy,H,shared,red,baby,yes
fd431dc3-076e-477b-964f-fb779f562d73,1,diff,social,one,red,A,shared,red,thriller,B,unique,red,mouse,A,shared,red,thriller,yes
fd431dc3-076e-477b-964f-fb779f562d73,1,diff,refer,one,red,D,shared,red,priest,C,unique,red,falling guy,D,shared,red,priest,yes
fd431dc3-076e-477b-964f-fb779f562d73,1,diff,refer,one,red,H,shared,red,baby,L,unique,red,zigzag,L,unique,red,zigzag,yes
fd431dc3-076e-477b-964f-fb779f562d73,1,diff,social,one,red,A,shared,red,thriller,L,unique,red,zigzag,A,shared,red,thriller,yes
fd431dc3-076e-477b-964f-fb779f562d73,1,diff,social,one,red,H,shared,red,baby,C,unique,red,falling guy,H,shared,red,baby,yes
fd431dc3-076e-477b-964f-fb779f562d73,1,diff,social,one,blue,A,shared,blue,thriller,B,unique,blue,princess dance,A,shared,blue,thriller,yes
fd431dc3-076e-477b-964f-fb779f562d73,1,same,social,one,red,B,unique,red,mouse,B,unique,blue,princess dance,B,unique,blue,princess dance,yes
fd431dc3-076e-477b-964f-fb779f562d73,1,diff,refer,both,,A,shared,blue,thriller,B,unique,blue,princess dance,A,shared,blue,thriller,yes
5eea5c98-cd8d-494c-9c66-8ada2c95e94c,1,diff,refer,one,red,D,shared,red,priest,B,unique,red,mouse,B,unique,red,mouse,yes
5eea5c98-cd8d-494c-9c66-8ada2c95e94c,1,diff,refer,both,,H,shared,red,baby,B,unique,red,mouse,H,shared,red,baby,yes
5eea5c98-cd8d-494c-9c66-8ada2c95e94c,1,diff,refer,both,,D,shared,red,priest,B,unique,red,mouse,D,shared,red,priest,yes
5eea5c98-cd8d-494c-9c66-8ada2c95e94c,1,diff,refer,one,red,H,shared,red,baby,C,unique,red,falling guy,H,shared,red,baby,yes
5eea5c98-cd8d-494c-9c66-8ada2c95e94c,1,diff,refer,one,blue,A,shared,blue,thriller,B,unique,blue,princess dance,B,unique,blue,princess dance,yes
5eea5c98-cd8d-494c-9c66-8ada2c95e94c,1,diff,social,one,blue,A,shared,blue,thriller,C,unique,blue,no legs,C,unique,blue,no legs,yes
5eea5c98-cd8d-494c-9c66-8ada2c95e94c,1,diff,refer,one,blue,A,shared,blue,thriller,L,unique,blue,bent knees,A,shared,blue,thriller,yes
5eea5c98-cd8d-494c-9c66-8ada2c95e94c,1,diff,social,one,red,D,shared,red,priest,C,unique,red,falling guy,C,unique,red,falling guy,yes
5eea5c98-cd8d-494c-9c66-8ada2c95e94c,1,diff,refer,one,red,D,shared,red,priest,C,unique,red,falling guy,C,unique,red,falling guy,yes
5eea5c98-cd8d-494c-9c66-8ada2c95e94c,1,diff,refer,both,,A,shared,blue,thriller,B,unique,blue,princess dance,A,shared,blue,thriller,yes
5eea5c98-cd8d-494c-9c66-8ada2c95e94c,1,diff,social,one,blue,D,shared,blue,priest,C,unique,blue,no legs,D,shared,blue,priest,yes
5eea5c98-cd8d-494c-9c66-8ada2c95e94c,1,same,social,one,red,B,unique,red,mouse,B,unique,blue,princess dance,B,unique,red,mouse,yes
5eea5c98-cd8d-494c-9c66-8ada2c95e94c,1,diff,social,one,red,A,shared,red,thriller,C,unique,red,falling guy,A,shared,red,thriller,yes
5eea5c98-cd8d-494c-9c66-8ada2c95e94c,1,same,refer,both,,H,shared,,baby,H,,unseen,no arms,H,shared,,baby,yes
5eea5c98-cd8d-494c-9c66-8ada2c95e94c,1,diff,social,one,blue,D,shared,blue,priest,L,unique,blue,bent knees,D,shared,blue,priest,yes
5eea5c98-cd8d-494c-9c66-8ada2c95e94c,1,diff,refer,one,blue,D,shared,blue,priest,C,unique,blue,no legs,C,unique,blue,no legs,yes
5eea5c98-cd8d-494c-9c66-8ada2c95e94c,1,diff,refer,one,blue,H,shared,blue,baby,C,unique,blue,no legs,C,unique,blue,no legs,yes
5eea5c98-cd8d-494c-9c66-8ada2c95e94c,1,diff,social,one,red,H,shared,red,baby,B,unique,red,mouse,H,shared,red,baby,yes
5eea5c98-cd8d-494c-9c66-8ada2c95e94c,1,diff,refer,both,,H,shared,red,baby,C,unique,red,falling guy,H,shared,red,baby,yes
5eea5c98-cd8d-494c-9c66-8ada2c95e94c,1,diff,refer,both,,D,shared,blue,priest,L,unique,blue,bent knees,D,shared,blue,priest,yes
5eea5c98-cd8d-494c-9c66-8ada2c95e94c,1,diff,social,one,red,A,shared,red,thriller,B,unique,red,mouse,A,shared,red,thriller,yes
5eea5c98-cd8d-494c-9c66-8ada2c95e94c,1,same,social,one,blue,B,unique,red,mouse,B,unique,blue,princess dance,B,unique,red,mouse,yes
5eea5c98-cd8d-494c-9c66-8ada2c95e94c,1,diff,refer,both,,D,shared,red,priest,L,unique,red,zigzag,D,shared,red,priest,yes
5eea5c98-cd8d-494c-9c66-8ada2c95e94c,1,diff,refer,both,,D,shared,blue,priest,B,unique,blue,princess dance,D,shared,blue,priest,yes
5eea5c98-cd8d-494c-9c66-8ada2c95e94c,1,diff,social,one,red,H,shared,red,baby,L,unique,red,zigzag,H,shared,red,baby,yes
5eea5c98-cd8d-494c-9c66-8ada2c95e94c,1,diff,social,one,red,D,shared,red,priest,L,unique,red,zigzag,D,shared,red,priest,yes
5eea5c98-cd8d-494c-9c66-8ada2c95e94c,1,diff,social,one,red,A,shared,red,thriller,L,unique,red,zigzag,A,shared,red,thriller,yes
5eea5c98-cd8d-494c-9c66-8ada2c95e94c,1,diff,refer,one,red,H,shared,red,baby,L,unique,red,zigzag,H,shared,red,baby,yes
5eea5c98-cd8d-494c-9c66-8ada2c95e94c,1,diff,social,one,red,D,shared,red,priest,B,unique,red,mouse,D,shared,red,priest,yes
5eea5c98-cd8d-494c-9c66-8ada2c95e94c,1,same,social,one,blue,L,unique,red,zigzag,L,unique,blue,bent knees,L,unique,red,zigzag,yes
5eea5c98-cd8d-494c-9c66-8ada2c95e94c,1,diff,social,one,blue,A,shared,blue,thriller,B,unique,blue,princess dance,B,unique,blue,princess dance,yes
5eea5c98-cd8d-494c-9c66-8ada2c95e94c,1,diff,refer,one,red,D,shared,red,priest,L,unique,red,zigzag,D,shared,red,priest,yes
5eea5c98-cd8d-494c-9c66-8ada2c95e94c,1,same,refer,one,blue,H,shared,,baby,H,,unseen,no arms,H,shared,,baby,yes
5eea5c98-cd8d-494c-9c66-8ada2c95e94c,1,diff,refer,both,,D,shared,blue,priest,C,unique,blue,no legs,C,unique,blue,no legs,yes
5eea5c98-cd8d-494c-9c66-8ada2c95e94c,1,same,refer,one,blue,D,shared,,priest,D,,unseen,long sleeved book,D,shared,,priest,yes
5eea5c98-cd8d-494c-9c66-8ada2c95e94c,1,diff,refer,both,,H,shared,blue,baby,B,unique,blue,princess dance,H,shared,blue,baby,yes
5eea5c98-cd8d-494c-9c66-8ada2c95e94c,1,same,refer,one,blue,A,shared,,thriller,A,,unseen,zombie,A,shared,,thriller,yes
5eea5c98-cd8d-494c-9c66-8ada2c95e94c,1,diff,refer,one,blue,D,shared,blue,priest,L,unique,blue,bent knees,L,unique,blue,bent knees,yes
5eea5c98-cd8d-494c-9c66-8ada2c95e94c,1,diff,refer,both,,H,shared,blue,baby,C,unique,blue,no legs,C,unique,blue,no legs,yes
5eea5c98-cd8d-494c-9c66-8ada2c95e94c,1,diff,refer,one,blue,D,shared,blue,priest,B,unique,blue,princess dance,D,shared,blue,priest,yes
5eea5c98-cd8d-494c-9c66-8ada2c95e94c,1,same,refer,both,,A,shared,,thriller,A,,unseen,zombie,A,shared,,thriller,yes
5eea5c98-cd8d-494c-9c66-8ada2c95e94c,1,diff,refer,one,red,A,shared,red,thriller,B,unique,red,mouse,B,unique,red,mouse,yes
5eea5c98-cd8d-494c-9c66-8ada2c95e94c,1,diff,refer,both,,A,shared,red,thriller,L,unique,red,zigzag,L,unique,red,zigzag,yes
5eea5c98-cd8d-494c-9c66-8ada2c95e94c,1,diff,social,one,blue,A,shared,blue,thriller,L,unique,blue,bent knees,L,unique,blue,bent knees,yes
5eea5c98-cd8d-494c-9c66-8ada2c95e94c,1,diff,refer,one,red,A,shared,red,thriller,L,unique,red,zigzag,L,unique,red,zigzag,yes
5eea5c98-cd8d-494c-9c66-8ada2c95e94c,1,diff,refer,both,,H,shared,red,baby,L,unique,red,zigzag,H,shared,red,baby,yes
5eea5c98-cd8d-494c-9c66-8ada2c95e94c,1,same,refer,one,red,A,shared,,thriller,A,,unseen,zombie,A,shared,,thriller,yes
5eea5c98-cd8d-494c-9c66-8ada2c95e94c,1,diff,social,one,red,H,shared,red,baby,C,unique,red,falling guy,C,unique,red,falling guy,yes
5eea5c98-cd8d-494c-9c66-8ada2c95e94c,1,diff,refer,one,blue,H,shared,blue,baby,L,unique,blue,bent knees,H,shared,blue,baby,yes
5eea5c98-cd8d-494c-9c66-8ada2c95e94c,1,diff,refer,one,blue,H,shared,blue,baby,B,unique,blue,princess dance,B,unique,blue,princess dance,yes
5eea5c98-cd8d-494c-9c66-8ada2c95e94c,1,same,refer,one,red,D,shared,,priest,D,,unseen,long sleeved book,D,shared,,priest,yes
5eea5c98-cd8d-494c-9c66-8ada2c95e94c,1,same,refer,both,,D,shared,,priest,D,,unseen,long sleeved book,D,shared,,priest,yes
5eea5c98-cd8d-494c-9c66-8ada2c95e94c,1,diff,refer,one,red,A,shared,red,thriller,C,unique,red,falling guy,C,unique,red,falling guy,yes
5eea5c98-cd8d-494c-9c66-8ada2c95e94c,1,diff,refer,both,,A,shared,red,thriller,C,unique,red,falling guy,C,unique,red,falling guy,yes
5eea5c98-cd8d-494c-9c66-8ada2c95e94c,1,diff,refer,both,,H,shared,blue,baby,L,unique,blue,bent knees,H,shared,blue,baby,yes
5eea5c98-cd8d-494c-9c66-8ada2c95e94c,1,diff,social,one,blue,H,shared,blue,baby,C,unique,blue,no legs,C,unique,blue,no legs,yes
5eea5c98-cd8d-494c-9c66-8ada2c95e94c,1,same,social,one,red,L,unique,red,zigzag,L,unique,blue,bent knees,L,unique,blue,bent knees,yes
5eea5c98-cd8d-494c-9c66-8ada2c95e94c,1,diff,refer,both,,D,shared,red,priest,C,unique,red,falling guy,C,unique,red,falling guy,yes
5eea5c98-cd8d-494c-9c66-8ada2c95e94c,1,same,social,one,blue,C,unique,red,falling guy,C,unique,blue,no legs,C,unique,red,falling guy,yes
5eea5c98-cd8d-494c-9c66-8ada2c95e94c,1,same,social,one,red,C,unique,red,falling guy,C,unique,blue,no legs,C,unique,red,falling guy,yes
5eea5c98-cd8d-494c-9c66-8ada2c95e94c,1,same,refer,one,red,H,shared,,baby,H,,unseen,no arms,H,shared,,baby,yes
5eea5c98-cd8d-494c-9c66-8ada2c95e94c,1,diff,refer,one,blue,A,shared,blue,thriller,C,unique,blue,no legs,C,unique,blue,no legs,yes
5eea5c98-cd8d-494c-9c66-8ada2c95e94c,1,diff,social,one,blue,H,shared,blue,baby,L,unique,blue,bent knees,H,shared,blue,baby,yes
5eea5c98-cd8d-494c-9c66-8ada2c95e94c,1,diff,refer,both,,A,shared,red,thriller,B,unique,red,mouse,B,unique,red,mouse,yes
5eea5c98-cd8d-494c-9c66-8ada2c95e94c,1,diff,refer,both,,A,shared,blue,thriller,L,unique,blue,bent knees,L,unique,blue,bent knees,yes
5eea5c98-cd8d-494c-9c66-8ada2c95e94c,1,diff,social,one,blue,H,shared,blue,baby,B,unique,blue,princess dance,H,shared,blue,baby,yes
5eea5c98-cd8d-494c-9c66-8ada2c95e94c,1,diff,refer,both,,A,shared,blue,thriller,C,unique,blue,no legs,C,unique,blue,no legs,yes
5eea5c98-cd8d-494c-9c66-8ada2c95e94c,1,diff,refer,one,red,H,shared,red,baby,B,unique,red,mouse,H,shared,red,baby,yes
5eea5c98-cd8d-494c-9c66-8ada2c95e94c,1,diff,social,one,blue,D,shared,blue,priest,B,unique,blue,princess dance,D,shared,blue,priest,yes
08abeec3-1af8-4701-b287-3f1f4698a5e7,1,same,refer,both,,A,shared,,thriller,A,,unseen,zombie,A,shared,,thriller,yes
08abeec3-1af8-4701-b287-3f1f4698a5e7,1,diff,refer,one,red,H,shared,red,baby,C,unique,red,falling guy,H,shared,red,baby,yes
08abeec3-1af8-4701-b287-3f1f4698a5e7,1,diff,refer,one,blue,A,shared,blue,thriller,L,unique,blue,bent knees,A,shared,blue,thriller,yes
08abeec3-1af8-4701-b287-3f1f4698a5e7,1,diff,refer,one,blue,D,shared,blue,priest,C,unique,blue,no legs,D,shared,blue,priest,yes
08abeec3-1af8-4701-b287-3f1f4698a5e7,1,diff,social,one,blue,H,shared,blue,baby,C,unique,blue,no legs,H,shared,blue,baby,yes
08abeec3-1af8-4701-b287-3f1f4698a5e7,1,diff,refer,one,red,H,shared,red,baby,B,unique,red,mouse,H,shared,red,baby,yes
08abeec3-1af8-4701-b287-3f1f4698a5e7,1,diff,social,one,red,D,shared,red,priest,C,unique,red,falling guy,C,unique,red,falling guy,yes
08abeec3-1af8-4701-b287-3f1f4698a5e7,1,diff,social,one,red,D,shared,red,priest,L,unique,red,zigzag,L,unique,red,zigzag,yes
08abeec3-1af8-4701-b287-3f1f4698a5e7,1,diff,refer,one,blue,H,shared,blue,baby,B,unique,blue,princess dance,B,unique,blue,princess dance,yes
08abeec3-1af8-4701-b287-3f1f4698a5e7,1,same,social,one,blue,C,unique,red,falling guy,C,unique,blue,no legs,C,unique,red,falling guy,yes
08abeec3-1af8-4701-b287-3f1f4698a5e7,1,diff,refer,both,,A,shared,blue,thriller,B,unique,blue,princess dance,A,shared,blue,thriller,yes
08abeec3-1af8-4701-b287-3f1f4698a5e7,1,same,refer,one,blue,D,shared,,priest,D,,unseen,long sleeved book,D,shared,,priest,yes
08abeec3-1af8-4701-b287-3f1f4698a5e7,1,diff,social,one,blue,D,shared,blue,priest,L,unique,blue,bent knees,L,unique,blue,bent knees,yes
08abeec3-1af8-4701-b287-3f1f4698a5e7,1,diff,refer,one,red,D,shared,red,priest,L,unique,red,zigzag,D,shared,red,priest,yes
08abeec3-1af8-4701-b287-3f1f4698a5e7,1,diff,refer,both,,H,shared,red,baby,B,unique,red,mouse,H,shared,red,baby,yes
08abeec3-1af8-4701-b287-3f1f4698a5e7,1,diff,refer,both,,H,shared,red,baby,L,unique,red,zigzag,H,shared,red,baby,yes
08abeec3-1af8-4701-b287-3f1f4698a5e7,1,diff,social,one,red,H,shared,red,baby,L,unique,red,zigzag,L,unique,red,zigzag,yes
08abeec3-1af8-4701-b287-3f1f4698a5e7,1,diff,social,one,red,A,shared,red,thriller,B,unique,red,mouse,B,unique,red,mouse,yes
08abeec3-1af8-4701-b287-3f1f4698a5e7,1,same,refer,one,red,A,shared,,thriller,A,,unseen,zombie,A,shared,,thriller,yes
08abeec3-1af8-4701-b287-3f1f4698a5e7,1,diff,refer,both,,A,shared,blue,thriller,L,unique,blue,bent knees,A,shared,blue,thriller,yes
08abeec3-1af8-4701-b287-3f1f4698a5e7,1,same,social,one,red,L,unique,red,zigzag,L,unique,blue,bent knees,L,unique,red,zigzag,yes
08abeec3-1af8-4701-b287-3f1f4698a5e7,1,diff,refer,both,,H,shared,blue,baby,L,unique,blue,bent knees,H,shared,blue,baby,yes
08abeec3-1af8-4701-b287-3f1f4698a5e7,1,diff,refer,one,red,D,shared,red,priest,C,unique,red,falling guy,D,shared,red,priest,yes
08abeec3-1af8-4701-b287-3f1f4698a5e7,1,diff,refer,both,,A,shared,red,thriller,L,unique,red,zigzag,A,shared,red,thriller,yes
08abeec3-1af8-4701-b287-3f1f4698a5e7,1,diff,refer,one,blue,D,shared,blue,priest,B,unique,blue,princess dance,B,unique,blue,princess dance,yes
08abeec3-1af8-4701-b287-3f1f4698a5e7,1,diff,social,one,blue,A,shared,blue,thriller,L,unique,blue,bent knees,A,shared,blue,thriller,yes
08abeec3-1af8-4701-b287-3f1f4698a5e7,1,diff,refer,one,red,A,shared,red,thriller,C,unique,red,falling guy,C,unique,red,falling guy,yes
08abeec3-1af8-4701-b287-3f1f4698a5e7,1,diff,refer,one,red,A,shared,red,thriller,B,unique,red,mouse,A,shared,red,thriller,yes
08abeec3-1af8-4701-b287-3f1f4698a5e7,1,same,refer,one,red,D,shared,,priest,D,,unseen,long sleeved book,D,shared,,priest,yes
08abeec3-1af8-4701-b287-3f1f4698a5e7,1,diff,social,one,blue,A,shared,blue,thriller,C,unique,blue,no legs,C,unique,blue,no legs,yes
08abeec3-1af8-4701-b287-3f1f4698a5e7,1,diff,refer,one,red,H,shared,red,baby,L,unique,red,zigzag,L,unique,red,zigzag,yes
08abeec3-1af8-4701-b287-3f1f4698a5e7,1,diff,refer,one,blue,A,shared,blue,thriller,B,unique,blue,princess dance,B,unique,blue,princess dance,yes
08abeec3-1af8-4701-b287-3f1f4698a5e7,1,diff,refer,both,,D,shared,red,priest,C,unique,red,falling guy,D,shared,red,priest,yes
08abeec3-1af8-4701-b287-3f1f4698a5e7,1,diff,refer,both,,H,shared,blue,baby,B,unique,blue,princess dance,H,shared,blue,baby,yes
08abeec3-1af8-4701-b287-3f1f4698a5e7,1,diff,refer,both,,D,shared,blue,priest,B,unique,blue,princess dance,D,shared,blue,priest,yes
08abeec3-1af8-4701-b287-3f1f4698a5e7,1,diff,refer,one,red,D,shared,red,priest,B,unique,red,mouse,D,shared,red,priest,yes
08abeec3-1af8-4701-b287-3f1f4698a5e7,1,diff,refer,both,,A,shared,red,thriller,B,unique,red,mouse,A,shared,red,thriller,yes
08abeec3-1af8-4701-b287-3f1f4698a5e7,1,diff,social,one,blue,H,shared,blue,baby,L,unique,blue,bent knees,H,shared,blue,baby,yes
08abeec3-1af8-4701-b287-3f1f4698a5e7,1,same,social,one,blue,B,unique,red,mouse,B,unique,blue,princess dance,B,unique,blue,princess dance,yes
08abeec3-1af8-4701-b287-3f1f4698a5e7,1,diff,social,one,blue,D,shared,blue,priest,B,unique,blue,princess dance,B,unique,blue,princess dance,yes
08abeec3-1af8-4701-b287-3f1f4698a5e7,1,diff,refer,both,,D,shared,blue,priest,L,unique,blue,bent knees,D,shared,blue,priest,yes
08abeec3-1af8-4701-b287-3f1f4698a5e7,1,same,refer,both,,H,shared,,baby,H,,unseen,no arms,H,shared,,baby,yes
08abeec3-1af8-4701-b287-3f1f4698a5e7,1,same,social,one,blue,L,unique,red,zigzag,L,unique,blue,bent knees,L,unique,red,zigzag,yes
08abeec3-1af8-4701-b287-3f1f4698a5e7,1,diff,refer,one,blue,H,shared,blue,baby,L,unique,blue,bent knees,H,shared,blue,baby,yes
08abeec3-1af8-4701-b287-3f1f4698a5e7,1,diff,social,one,blue,H,shared,blue,baby,B,unique,blue,princess dance,H,shared,blue,baby,yes
08abeec3-1af8-4701-b287-3f1f4698a5e7,1,diff,social,one,blue,D,shared,blue,priest,C,unique,blue,no legs,C,unique,blue,no legs,yes
08abeec3-1af8-4701-b287-3f1f4698a5e7,1,diff,social,one,blue,A,shared,blue,thriller,B,unique,blue,princess dance,B,unique,blue,princess dance,yes
08abeec3-1af8-4701-b287-3f1f4698a5e7,1,same,social,one,red,C,unique,red,falling guy,C,unique,blue,no legs,C,unique,red,falling guy,yes
08abeec3-1af8-4701-b287-3f1f4698a5e7,1,diff,social,one,red,H,shared,red,baby,B,unique,red,mouse,H,shared,red,baby,yes
08abeec3-1af8-4701-b287-3f1f4698a5e7,1,diff,refer,both,,D,shared,red,priest,L,unique,red,zigzag,D,shared,red,priest,yes
08abeec3-1af8-4701-b287-3f1f4698a5e7,1,diff,refer,one,blue,A,shared,blue,thriller,C,unique,blue,no legs,A,shared,blue,thriller,yes
08abeec3-1af8-4701-b287-3f1f4698a5e7,1,diff,social,one,red,A,shared,red,thriller,L,unique,red,zigzag,A,shared,red,thriller,yes
08abeec3-1af8-4701-b287-3f1f4698a5e7,1,same,social,one,red,B,unique,red,mouse,B,unique,blue,princess dance,B,unique,red,mouse,yes
08abeec3-1af8-4701-b287-3f1f4698a5e7,1,same,refer,one,red,H,shared,,baby,H,,unseen,no arms,H,shared,,baby,yes
08abeec3-1af8-4701-b287-3f1f4698a5e7,1,diff,refer,one,red,A,shared,red,thriller,L,unique,red,zigzag,A,shared,red,thriller,yes
08abeec3-1af8-4701-b287-3f1f4698a5e7,1,same,refer,one,blue,A,shared,,thriller,A,,unseen,zombie,A,shared,,thriller,yes
08abeec3-1af8-4701-b287-3f1f4698a5e7,1,same,refer,both,,D,shared,,priest,D,,unseen,long sleeved book,D,shared,,priest,yes
08abeec3-1af8-4701-b287-3f1f4698a5e7,1,diff,refer,both,,D,shared,red,priest,B,unique,red,mouse,D,shared,red,priest,yes
08abeec3-1af8-4701-b287-3f1f4698a5e7,1,same,refer,one,blue,H,shared,,baby,H,,unseen,no arms,H,shared,,baby,yes
08abeec3-1af8-4701-b287-3f1f4698a5e7,1,diff,refer,one,blue,D,shared,blue,priest,L,unique,blue,bent knees,D,shared,blue,priest,yes
08abeec3-1af8-4701-b287-3f1f4698a5e7,1,diff,refer,both,,A,shared,blue,thriller,C,unique,blue,no legs,A,shared,blue,thriller,yes
08abeec3-1af8-4701-b287-3f1f4698a5e7,1,diff,refer,both,,D,shared,blue,priest,C,unique,blue,no legs,D,shared,blue,priest,yes
08abeec3-1af8-4701-b287-3f1f4698a5e7,1,diff,social,one,red,H,shared,red,baby,C,unique,red,falling guy,C,unique,red,falling guy,yes
08abeec3-1af8-4701-b287-3f1f4698a5e7,1,diff,refer,both,,A,shared,red,thriller,C,unique,red,falling guy,A,shared,red,thriller,yes
08abeec3-1af8-4701-b287-3f1f4698a5e7,1,diff,refer,both,,H,shared,blue,baby,C,unique,blue,no legs,H,shared,blue,baby,yes
08abeec3-1af8-4701-b287-3f1f4698a5e7,1,diff,social,one,red,D,shared,red,priest,B,unique,red,mouse,D,shared,red,priest,yes
08abeec3-1af8-4701-b287-3f1f4698a5e7,1,diff,refer,both,,H,shared,red,baby,C,unique,red,falling guy,H,shared,red,baby,yes
08abeec3-1af8-4701-b287-3f1f4698a5e7,1,diff,social,one,red,A,shared,red,thriller,C,unique,red,falling guy,A,shared,red,thriller,yes
08abeec3-1af8-4701-b287-3f1f4698a5e7,1,diff,refer,one,blue,H,shared,blue,baby,C,unique,blue,no legs,H,shared,blue,baby,yes
78703d9f-ebf2-45cf-8f06-1ce79cc17e40,1,diff,social,one,blue,H,shared,blue,baby,B,unique,blue,princess dance,B,unique,blue,princess dance,yes
78703d9f-ebf2-45cf-8f06-1ce79cc17e40,1,diff,social,one,red,H,shared,red,baby,L,unique,red,zigzag,H,shared,red,baby,yes
78703d9f-ebf2-45cf-8f06-1ce79cc17e40,1,diff,refer,one,blue,H,shared,blue,baby,L,unique,blue,bent knees,L,unique,blue,bent knees,yes
78703d9f-ebf2-45cf-8f06-1ce79cc17e40,1,diff,social,one,blue,D,shared,blue,priest,C,unique,blue,no legs,D,shared,blue,priest,yes
78703d9f-ebf2-45cf-8f06-1ce79cc17e40,1,diff,social,one,red,H,shared,red,baby,B,unique,red,mouse,H,shared,red,baby,yes
78703d9f-ebf2-45cf-8f06-1ce79cc17e40,1,diff,social,one,red,A,shared,red,thriller,B,unique,red,mouse,A,shared,red,thriller,yes
78703d9f-ebf2-45cf-8f06-1ce79cc17e40,1,diff,refer,one,red,D,shared,red,priest,L,unique,red,zigzag,D,shared,red,priest,yes
78703d9f-ebf2-45cf-8f06-1ce79cc17e40,1,diff,refer,both,,H,shared,red,baby,B,unique,red,mouse,B,unique,red,mouse,yes
78703d9f-ebf2-45cf-8f06-1ce79cc17e40,1,diff,refer,both,,A,shared,red,thriller,B,unique,red,mouse,A,shared,red,thriller,yes
78703d9f-ebf2-45cf-8f06-1ce79cc17e40,1,same,refer,one,blue,H,shared,,baby,H,,unseen,no arms,H,shared,,baby,yes
78703d9f-ebf2-45cf-8f06-1ce79cc17e40,1,diff,refer,both,,A,shared,blue,thriller,L,unique,blue,bent knees,L,unique,blue,bent knees,yes
78703d9f-ebf2-45cf-8f06-1ce79cc17e40,1,diff,social,one,blue,A,shared,blue,thriller,C,unique,blue,no legs,C,unique,blue,no legs,yes
78703d9f-ebf2-45cf-8f06-1ce79cc17e40,1,diff,refer,one,red,A,shared,red,thriller,L,unique,red,zigzag,L,unique,red,zigzag,yes
78703d9f-ebf2-45cf-8f06-1ce79cc17e40,1,diff,refer,one,blue,H,shared,blue,baby,C,unique,blue,no legs,C,unique,blue,no legs,yes
78703d9f-ebf2-45cf-8f06-1ce79cc17e40,1,same,social,one,blue,C,unique,red,falling guy,C,unique,blue,no legs,C,unique,blue,no legs,yes
78703d9f-ebf2-45cf-8f06-1ce79cc17e40,1,diff,refer,both,,H,shared,red,baby,L,unique,red,zigzag,L,unique,red,zigzag,yes
78703d9f-ebf2-45cf-8f06-1ce79cc17e40,1,same,social,one,blue,L,unique,red,zigzag,L,unique,blue,bent knees,L,unique,blue,bent knees,yes
78703d9f-ebf2-45cf-8f06-1ce79cc17e40,1,diff,refer,one,red,H,shared,red,baby,L,unique,red,zigzag,H,shared,red,baby,yes
78703d9f-ebf2-45cf-8f06-1ce79cc17e40,1,diff,refer,one,red,D,shared,red,priest,B,unique,red,mouse,D,shared,red,priest,yes
78703d9f-ebf2-45cf-8f06-1ce79cc17e40,1,diff,refer,both,,A,shared,blue,thriller,C,unique,blue,no legs,A,shared,blue,thriller,yes
78703d9f-ebf2-45cf-8f06-1ce79cc17e40,1,same,refer,one,blue,A,shared,,thriller,A,,unseen,zombie,A,shared,,thriller,yes
78703d9f-ebf2-45cf-8f06-1ce79cc17e40,1,diff,refer,one,red,H,shared,red,baby,C,unique,red,falling guy,C,unique,red,falling guy,yes
78703d9f-ebf2-45cf-8f06-1ce79cc17e40,1,diff,refer,both,,H,shared,blue,baby,L,unique,blue,bent knees,H,shared,blue,baby,yes
78703d9f-ebf2-45cf-8f06-1ce79cc17e40,1,same,refer,one,blue,D,shared,,priest,D,,unseen,long sleeved book,D,shared,,priest,yes
78703d9f-ebf2-45cf-8f06-1ce79cc17e40,1,same,refer,one,red,H,shared,,baby,H,,unseen,no arms,H,shared,,baby,yes
78703d9f-ebf2-45cf-8f06-1ce79cc17e40,1,same,refer,one,red,D,shared,,priest,D,,unseen,long sleeved book,D,shared,,priest,yes
78703d9f-ebf2-45cf-8f06-1ce79cc17e40,1,same,refer,one,red,A,shared,,thriller,A,,unseen,zombie,A,shared,,thriller,yes
78703d9f-ebf2-45cf-8f06-1ce79cc17e40,1,diff,refer,one,blue,A,shared,blue,thriller,L,unique,blue,bent knees,A,shared,blue,thriller,yes
78703d9f-ebf2-45cf-8f06-1ce79cc17e40,1,same,refer,both,,H,shared,,baby,H,,unseen,no arms,H,shared,,baby,yes
78703d9f-ebf2-45cf-8f06-1ce79cc17e40,1,diff,refer,both,,D,shared,blue,priest,L,unique,blue,bent knees,L,unique,blue,bent knees,yes
78703d9f-ebf2-45cf-8f06-1ce79cc17e40,1,diff,refer,one,blue,H,shared,blue,baby,B,unique,blue,princess dance,B,unique,blue,princess dance,yes
78703d9f-ebf2-45cf-8f06-1ce79cc17e40,1,diff,social,one,blue,A,shared,blue,thriller,B,unique,blue,princess dance,A,shared,blue,thriller,yes
78703d9f-ebf2-45cf-8f06-1ce79cc17e40,1,same,refer,both,,A,shared,,thriller,A,,unseen,zombie,A,shared,,thriller,yes
78703d9f-ebf2-45cf-8f06-1ce79cc17e40,1,diff,refer,both,,A,shared,red,thriller,C,unique,red,falling guy,C,unique,red,falling guy,yes
78703d9f-ebf2-45cf-8f06-1ce79cc17e40,1,diff,refer,both,,A,shared,red,thriller,L,unique,red,zigzag,L,unique,red,zigzag,yes
78703d9f-ebf2-45cf-8f06-1ce79cc17e40,1,diff,refer,both,,D,shared,red,priest,B,unique,red,mouse,B,unique,red,mouse,yes
78703d9f-ebf2-45cf-8f06-1ce79cc17e40,1,diff,social,one,red,D,shared,red,priest,B,unique,red,mouse,D,shared,red,priest,yes
78703d9f-ebf2-45cf-8f06-1ce79cc17e40,1,diff,refer,one,red,A,shared,red,thriller,C,unique,red,falling guy,C,unique,red,falling guy,yes
78703d9f-ebf2-45cf-8f06-1ce79cc17e40,1,diff,social,one,blue,H,shared,blue,baby,C,unique,blue,no legs,C,unique,blue,no legs,yes
78703d9f-ebf2-45cf-8f06-1ce79cc17e40,1,diff,social,one,red,D,shared,red,priest,C,unique,red,falling guy,D,shared,red,priest,yes
78703d9f-ebf2-45cf-8f06-1ce79cc17e40,1,diff,social,one,blue,D,shared,blue,priest,B,unique,blue,princess dance,B,unique,blue,princess dance,yes
78703d9f-ebf2-45cf-8f06-1ce79cc17e40,1,diff,refer,one,blue,D,shared,blue,priest,C,unique,blue,no legs,D,shared,blue,priest,yes
78703d9f-ebf2-45cf-8f06-1ce79cc17e40,1,diff,social,one,red,D,shared,red,priest,L,unique,red,zigzag,L,unique,red,zigzag,yes
78703d9f-ebf2-45cf-8f06-1ce79cc17e40,1,same,refer,both,,D,shared,,priest,D,,unseen,long sleeved book,D,shared,,priest,yes
78703d9f-ebf2-45cf-8f06-1ce79cc17e40,1,diff,social,one,blue,H,shared,blue,baby,L,unique,blue,bent knees,L,unique,blue,bent knees,yes
78703d9f-ebf2-45cf-8f06-1ce79cc17e40,1,same,social,one,blue,B,unique,red,mouse,B,unique,blue,princess dance,B,unique,red,mouse,yes
78703d9f-ebf2-45cf-8f06-1ce79cc17e40,1,diff,refer,both,,D,shared,red,priest,L,unique,red,zigzag,D,shared,red,priest,yes
78703d9f-ebf2-45cf-8f06-1ce79cc17e40,1,diff,refer,one,blue,D,shared,blue,priest,B,unique,blue,princess dance,D,shared,blue,priest,yes
78703d9f-ebf2-45cf-8f06-1ce79cc17e40,1,diff,social,one,red,A,shared,red,thriller,C,unique,red,falling guy,C,unique,red,falling guy,yes
78703d9f-ebf2-45cf-8f06-1ce79cc17e40,1,diff,refer,both,,D,shared,red,priest,C,unique,red,falling guy,D,shared,red,priest,yes
78703d9f-ebf2-45cf-8f06-1ce79cc17e40,1,diff,refer,one,blue,D,shared,blue,priest,L,unique,blue,bent knees,L,unique,blue,bent knees,yes
78703d9f-ebf2-45cf-8f06-1ce79cc17e40,1,same,social,one,red,L,unique,red,zigzag,L,unique,blue,bent knees,L,unique,red,zigzag,yes
78703d9f-ebf2-45cf-8f06-1ce79cc17e40,1,same,social,one,red,C,unique,red,falling guy,C,unique,blue,no legs,C,unique,blue,no legs,yes
78703d9f-ebf2-45cf-8f06-1ce79cc17e40,1,same,social,one,red,B,unique,red,mouse,B,unique,blue,princess dance,B,unique,blue,princess dance,yes
78703d9f-ebf2-45cf-8f06-1ce79cc17e40,1,diff,refer,both,,A,shared,blue,thriller,B,unique,blue,princess dance,A,shared,blue,thriller,yes
78703d9f-ebf2-45cf-8f06-1ce79cc17e40,1,diff,refer,both,,H,shared,blue,baby,B,unique,blue,princess dance,H,shared,blue,baby,yes
78703d9f-ebf2-45cf-8f06-1ce79cc17e40,1,diff,social,one,blue,A,shared,blue,thriller,L,unique,blue,bent knees,A,shared,blue,thriller,yes
78703d9f-ebf2-45cf-8f06-1ce79cc17e40,1,diff,refer,one,red,D,shared,red,priest,C,unique,red,falling guy,D,shared,red,priest,yes
78703d9f-ebf2-45cf-8f06-1ce79cc17e40,1,diff,refer,one,red,A,shared,red,thriller,B,unique,red,mouse,A,shared,red,thriller,yes
78703d9f-ebf2-45cf-8f06-1ce79cc17e40,1,diff,social,one,red,A,shared,red,thriller,L,unique,red,zigzag,L,unique,red,zigzag,yes
78703d9f-ebf2-45cf-8f06-1ce79cc17e40,1,diff,social,one,blue,D,shared,blue,priest,L,unique,blue,bent knees,D,shared,blue,priest,yes
78703d9f-ebf2-45cf-8f06-1ce79cc17e40,1,diff,social,one,red,H,shared,red,baby,C,unique,red,falling guy,H,shared,red,baby,yes
78703d9f-ebf2-45cf-8f06-1ce79cc17e40,1,diff,refer,one,blue,A,shared,blue,thriller,C,unique,blue,no legs,C,unique,blue,no legs,yes
78703d9f-ebf2-45cf-8f06-1ce79cc17e40,1,diff,refer,both,,D,shared,blue,priest,C,unique,blue,no legs,C,unique,blue,no legs,yes
78703d9f-ebf2-45cf-8f06-1ce79cc17e40,1,diff,refer,both,,D,shared,blue,priest,B,unique,blue,princess dance,D,shared,blue,priest,yes
78703d9f-ebf2-45cf-8f06-1ce79cc17e40,1,diff,refer,one,red,H,shared,red,baby,B,unique,red,mouse,H,shared,red,baby,yes
78703d9f-ebf2-45cf-8f06-1ce79cc17e40,1,diff,refer,both,,H,shared,red,baby,C,unique,red,falling guy,C,unique,red,falling guy,yes
78703d9f-ebf2-45cf-8f06-1ce79cc17e40,1,diff,refer,both,,H,shared,blue,baby,C,unique,blue,no legs,C,unique,blue,no legs,yes
78703d9f-ebf2-45cf-8f06-1ce79cc17e40,1,diff,refer,one,blue,A,shared,blue,thriller,B,unique,blue,princess dance,A,shared,blue,thriller,yes
cfc83ba6-2c55-4e80-b19b-6ef295315140,1,same,social,one,red,L,unique,red,zigzag,L,unique,blue,bent knees,L,unique,red,zigzag,yes
cfc83ba6-2c55-4e80-b19b-6ef295315140,1,same,refer,both,,H,shared,,baby,H,,unseen,no arms,H,shared,,baby,yes
cfc83ba6-2c55-4e80-b19b-6ef295315140,1,diff,refer,one,blue,D,shared,blue,priest,C,unique,blue,no legs,C,unique,blue,no legs,yes
cfc83ba6-2c55-4e80-b19b-6ef295315140,1,diff,refer,both,,A,shared,red,thriller,B,unique,red,mouse,A,shared,red,thriller,yes
cfc83ba6-2c55-4e80-b19b-6ef295315140,1,same,refer,one,red,H,shared,,baby,H,,unseen,no arms,H,shared,,baby,yes
cfc83ba6-2c55-4e80-b19b-6ef295315140,1,diff,refer,both,,A,shared,blue,thriller,L,unique,blue,bent knees,A,shared,blue,thriller,yes
cfc83ba6-2c55-4e80-b19b-6ef295315140,1,diff,social,one,blue,A,shared,blue,thriller,B,unique,blue,princess dance,A,shared,blue,thriller,yes
cfc83ba6-2c55-4e80-b19b-6ef295315140,1,diff,refer,one,red,H,shared,red,baby,C,unique,red,falling guy,H,shared,red,baby,yes
cfc83ba6-2c55-4e80-b19b-6ef295315140,1,diff,refer,one,blue,D,shared,blue,priest,L,unique,blue,bent knees,D,shared,blue,priest,yes
cfc83ba6-2c55-4e80-b19b-6ef295315140,1,diff,social,one,red,H,shared,red,baby,B,unique,red,mouse,B,unique,red,mouse,yes
cfc83ba6-2c55-4e80-b19b-6ef295315140,1,diff,refer,both,,D,shared,blue,priest,B,unique,blue,princess dance,D,shared,blue,priest,yes
cfc83ba6-2c55-4e80-b19b-6ef295315140,1,diff,social,one,blue,H,shared,blue,baby,C,unique,blue,no legs,H,shared,blue,baby,yes
cfc83ba6-2c55-4e80-b19b-6ef295315140,1,same,refer,both,,A,shared,,thriller,A,,unseen,zombie,A,shared,,thriller,yes
cfc83ba6-2c55-4e80-b19b-6ef295315140,1,diff,social,one,blue,D,shared,blue,priest,C,unique,blue,no legs,D,shared,blue,priest,yes
cfc83ba6-2c55-4e80-b19b-6ef295315140,1,diff,refer,one,blue,D,shared,blue,priest,B,unique,blue,princess dance,D,shared,blue,priest,yes
cfc83ba6-2c55-4e80-b19b-6ef295315140,1,diff,social,one,blue,D,shared,blue,priest,B,unique,blue,princess dance,D,shared,blue,priest,yes
cfc83ba6-2c55-4e80-b19b-6ef295315140,1,diff,social,one,red,A,shared,red,thriller,B,unique,red,mouse,A,shared,red,thriller,yes
cfc83ba6-2c55-4e80-b19b-6ef295315140,1,diff,refer,both,,H,shared,red,baby,C,unique,red,falling guy,H,shared,red,baby,yes
cfc83ba6-2c55-4e80-b19b-6ef295315140,1,diff,social,one,red,D,shared,red,priest,L,unique,red,zigzag,L,unique,red,zigzag,yes
cfc83ba6-2c55-4e80-b19b-6ef295315140,1,same,social,one,red,B,unique,red,mouse,B,unique,blue,princess dance,B,unique,red,mouse,yes
cfc83ba6-2c55-4e80-b19b-6ef295315140,1,diff,refer,both,,H,shared,blue,baby,L,unique,blue,bent knees,H,shared,blue,baby,yes
cfc83ba6-2c55-4e80-b19b-6ef295315140,1,diff,refer,both,,A,shared,red,thriller,C,unique,red,falling guy,A,shared,red,thriller,yes
cfc83ba6-2c55-4e80-b19b-6ef295315140,1,diff,refer,one,red,A,shared,red,thriller,C,unique,red,falling guy,A,shared,red,thriller,yes
cfc83ba6-2c55-4e80-b19b-6ef295315140,1,diff,refer,one,blue,A,shared,blue,thriller,C,unique,blue,no legs,A,shared,blue,thriller,yes
cfc83ba6-2c55-4e80-b19b-6ef295315140,1,diff,refer,one,red,D,shared,red,priest,L,unique,red,zigzag,D,shared,red,priest,yes
cfc83ba6-2c55-4e80-b19b-6ef295315140,1,diff,refer,one,red,A,shared,red,thriller,L,unique,red,zigzag,A,shared,red,thriller,yes
cfc83ba6-2c55-4e80-b19b-6ef295315140,1,diff,refer,both,,A,shared,red,thriller,L,unique,red,zigzag,A,shared,red,thriller,yes
cfc83ba6-2c55-4e80-b19b-6ef295315140,1,diff,social,one,red,H,shared,red,baby,C,unique,red,falling guy,H,shared,red,baby,yes
cfc83ba6-2c55-4e80-b19b-6ef295315140,1,same,social,one,blue,C,unique,red,falling guy,C,unique,blue,no legs,C,unique,red,falling guy,yes
cfc83ba6-2c55-4e80-b19b-6ef295315140,1,diff,refer,both,,H,shared,red,baby,L,unique,red,zigzag,H,shared,red,baby,yes
cfc83ba6-2c55-4e80-b19b-6ef295315140,1,same,refer,one,red,A,shared,,thriller,A,,unseen,zombie,A,shared,,thriller,yes
cfc83ba6-2c55-4e80-b19b-6ef295315140,1,same,refer,one,blue,H,shared,,baby,H,,unseen,no arms,H,shared,,baby,yes
cfc83ba6-2c55-4e80-b19b-6ef295315140,1,diff,refer,both,,H,shared,blue,baby,C,unique,blue,no legs,H,shared,blue,baby,yes
cfc83ba6-2c55-4e80-b19b-6ef295315140,1,diff,refer,one,red,A,shared,red,thriller,B,unique,red,mouse,A,shared,red,thriller,yes
cfc83ba6-2c55-4e80-b19b-6ef295315140,1,diff,social,one,red,D,shared,red,priest,C,unique,red,falling guy,D,shared,red,priest,yes
cfc83ba6-2c55-4e80-b19b-6ef295315140,1,diff,refer,both,,H,shared,blue,baby,B,unique,blue,princess dance,H,shared,blue,baby,yes
cfc83ba6-2c55-4e80-b19b-6ef295315140,1,diff,refer,both,,D,shared,blue,priest,C,unique,blue,no legs,D,shared,blue,priest,yes
cfc83ba6-2c55-4e80-b19b-6ef295315140,1,same,refer,one,red,D,shared,,priest,D,,unseen,long sleeved book,D,shared,,priest,yes
cfc83ba6-2c55-4e80-b19b-6ef295315140,1,diff,refer,one,blue,A,shared,blue,thriller,L,unique,blue,bent knees,A,shared,blue,thriller,yes
cfc83ba6-2c55-4e80-b19b-6ef295315140,1,diff,social,one,blue,A,shared,blue,thriller,C,unique,blue,no legs,C,unique,blue,no legs,yes
cfc83ba6-2c55-4e80-b19b-6ef295315140,1,diff,refer,both,,D,shared,blue,priest,L,unique,blue,bent knees,D,shared,blue,priest,yes
cfc83ba6-2c55-4e80-b19b-6ef295315140,1,diff,social,one,red,D,shared,red,priest,B,unique,red,mouse,B,unique,red,mouse,yes
cfc83ba6-2c55-4e80-b19b-6ef295315140,1,same,social,one,blue,B,unique,red,mouse,B,unique,blue,princess dance,B,unique,blue,princess dance,yes
cfc83ba6-2c55-4e80-b19b-6ef295315140,1,diff,social,one,red,H,shared,red,baby,L,unique,red,zigzag,H,shared,red,baby,yes
cfc83ba6-2c55-4e80-b19b-6ef295315140,1,same,refer,both,,D,shared,,priest,D,,unseen,long sleeved book,D,shared,,priest,yes
cfc83ba6-2c55-4e80-b19b-6ef295315140,1,diff,refer,one,red,D,shared,red,priest,C,unique,red,falling guy,C,unique,red,falling guy,yes
cfc83ba6-2c55-4e80-b19b-6ef295315140,1,diff,refer,both,,D,shared,red,priest,B,unique,red,mouse,D,shared,red,priest,yes
cfc83ba6-2c55-4e80-b19b-6ef295315140,1,diff,refer,one,blue,H,shared,blue,baby,C,unique,blue,no legs,H,shared,blue,baby,yes
cfc83ba6-2c55-4e80-b19b-6ef295315140,1,same,refer,one,blue,D,shared,,priest,D,,unseen,long sleeved book,D,shared,,priest,yes
cfc83ba6-2c55-4e80-b19b-6ef295315140,1,diff,refer,both,,A,shared,blue,thriller,B,unique,blue,princess dance,A,shared,blue,thriller,yes
cfc83ba6-2c55-4e80-b19b-6ef295315140,1,diff,refer,both,,D,shared,red,priest,C,unique,red,falling guy,D,shared,red,priest,yes
cfc83ba6-2c55-4e80-b19b-6ef295315140,1,diff,refer,one,red,H,shared,red,baby,L,unique,red,zigzag,H,shared,red,baby,yes
cfc83ba6-2c55-4e80-b19b-6ef295315140,1,diff,refer,both,,H,shared,red,baby,B,unique,red,mouse,H,shared,red,baby,yes
cfc83ba6-2c55-4e80-b19b-6ef295315140,1,same,social,one,blue,L,unique,red,zigzag,L,unique,blue,bent knees,L,unique,blue,bent knees,yes
cfc83ba6-2c55-4e80-b19b-6ef295315140,1,diff,social,one,blue,H,shared,blue,baby,B,unique,blue,princess dance,B,unique,blue,princess dance,yes
cfc83ba6-2c55-4e80-b19b-6ef295315140,1,same,refer,one,blue,A,shared,,thriller,A,,unseen,zombie,A,shared,,thriller,yes
cfc83ba6-2c55-4e80-b19b-6ef295315140,1,diff,refer,one,blue,H,shared,blue,baby,L,unique,blue,bent knees,H,shared,blue,baby,yes
cfc83ba6-2c55-4e80-b19b-6ef295315140,1,same,social,one,red,C,unique,red,falling guy,C,unique,blue,no legs,C,unique,blue,no legs,yes
cfc83ba6-2c55-4e80-b19b-6ef295315140,1,diff,refer,one,red,D,shared,red,priest,B,unique,red,mouse,B,unique,red,mouse,yes
cfc83ba6-2c55-4e80-b19b-6ef295315140,1,diff,refer,both,,D,shared,red,priest,L,unique,red,zigzag,D,shared,red,priest,yes
cfc83ba6-2c55-4e80-b19b-6ef295315140,1,diff,refer,one,red,H,shared,red,baby,B,unique,red,mouse,B,unique,red,mouse,yes
cfc83ba6-2c55-4e80-b19b-6ef295315140,1,diff,refer,one,blue,H,shared,blue,baby,B,unique,blue,princess dance,B,unique,blue,princess dance,yes
cfc83ba6-2c55-4e80-b19b-6ef295315140,1,diff,social,one,red,A,shared,red,thriller,L,unique,red,zigzag,A,shared,red,thriller,yes
cfc83ba6-2c55-4e80-b19b-6ef295315140,1,diff,social,one,blue,D,shared,blue,priest,L,unique,blue,bent knees,L,unique,blue,bent knees,yes
cfc83ba6-2c55-4e80-b19b-6ef295315140,1,diff,refer,one,blue,A,shared,blue,thriller,B,unique,blue,princess dance,B,unique,blue,princess dance,yes
cfc83ba6-2c55-4e80-b19b-6ef295315140,1,diff,social,one,blue,A,shared,blue,thriller,L,unique,blue,bent knees,L,unique,blue,bent knees,yes
cfc83ba6-2c55-4e80-b19b-6ef295315140,1,diff,social,one,red,A,shared,red,thriller,C,unique,red,falling guy,C,unique,red,falling guy,yes
cfc83ba6-2c55-4e80-b19b-6ef295315140,1,diff,refer,both,,A,shared,blue,thriller,C,unique,blue,no legs,C,unique,blue,no legs,yes
cfc83ba6-2c55-4e80-b19b-6ef295315140,1,diff,social,one,blue,H,shared,blue,baby,L,unique,blue,bent knees,L,unique,blue,bent knees,yes
